"","playerId","rec","recYds","recTds","fumbles","analyst","player","position","games","rushAtt","rushYds","rushTds","rush40","rec40","returnYds","returnTds","twoPts"
"1",324,3.7,37.6,0.1,0,-1,"Jacob Tamme","TE",NA,NA,NA,NA,NA,NA,NA,NA,NA
"2",1060,4.1,49.9,0.4,0,-1,"Gary Barnidge","TE",NA,NA,NA,NA,NA,NA,NA,NA,NA
"3",1062,3.7,27.3,0.2,0,-1,"Martellus Bennett","TE",NA,NA,NA,NA,NA,NA,NA,NA,NA
"4",71255,0,0,0,0,-1,"Chase Coffman","TE",NA,NA,NA,NA,NA,NA,NA,NA,NA
"5",71265,2.3,29.2,0.1,0.1,-1,"Jared Cook","TE",NA,NA,NA,NA,NA,NA,NA,NA,NA
"6",71435,0.2,1.4,0,0,-1,"John Phillips","TE",NA,NA,NA,NA,NA,NA,NA,NA,NA
"7",79589,0.1,0.5,0,0,-1,"David Johnson","TE",NA,NA,NA,NA,NA,NA,NA,NA,NA
"8",89766,1.6,15.4,0.1,0,-1,"Brandon Myers","TE",NA,NA,NA,NA,NA,NA,NA,NA,NA
"9",238457,2.9,33,0.3,0,-1,"Zach Miller","TE",NA,NA,NA,NA,NA,NA,NA,NA,NA
"10",497224,1.5,16,0.1,0,-1,"Ed Dickson","TE",NA,NA,NA,NA,NA,NA,NA,NA,NA
"11",497226,0.3,3.6,0,0,-1,"Jim Dray","TE",NA,NA,NA,NA,NA,NA,NA,NA,NA
"12",497236,3,29.8,0.2,0.1,-1,"Jimmy Graham","TE",NA,NA,NA,NA,NA,NA,NA,NA,NA
"13",497238,2.4,24.8,0.2,0,-1,"Jermaine Gresham","TE",NA,NA,NA,NA,NA,NA,NA,NA,NA
"14",497240,5.3,71.6,0.7,0,-1,"Rob Gronkowski","TE",NA,NA,NA,NA,NA,NA,NA,NA,NA
"15",497242,0.6,6.1,0,0,-1,"Clay Harbor","TE",NA,NA,NA,NA,NA,NA,NA,NA,NA
"16",497254,3.3,36.4,0.2,0,-1,"Dennis Pitta","TE",NA,NA,NA,NA,NA,NA,NA,NA,NA
"17",497256,0,0,0,0,-1,"Tony Moeaki","TE",NA,NA,NA,NA,NA,NA,NA,NA,NA
"18",2495139,3.4,44.4,0.2,0,-1,"Charles Clay","TE",NA,NA,NA,NA,NA,NA,NA,NA,NA
"19",2495187,1.6,12.6,0.1,0,-1,"Lance Kendricks","TE",NA,NA,NA,NA,NA,NA,NA,NA,NA
"20",2495234,0.4,2.3,0,0,-1,"Luke Stocker","TE",NA,NA,NA,NA,NA,NA,NA,NA,NA
"21",2495267,2,21,0.1,0,-1,"Jordan Cameron","TE",NA,NA,NA,NA,NA,NA,NA,NA,NA
"22",2495288,2.9,29.3,0.3,0,-1,"Virgil Green","TE",NA,NA,NA,NA,NA,NA,NA,NA,NA
"23",2495347,1.1,10.9,0.1,0,-1,"Lee Smith","TE",NA,NA,NA,NA,NA,NA,NA,NA,NA
"24",2495353,3.5,39.6,0.4,0,-1,"Julius Thomas","TE",NA,NA,NA,NA,NA,NA,NA,NA,NA
"25",2495438,2.4,27.3,0.3,0,-1,"Kyle Rudolph","TE",NA,NA,NA,NA,NA,NA,NA,NA,NA
"26",2495700,5.4,70.2,0.4,0,-1,"Greg Olsen","TE",NA,NA,NA,NA,NA,NA,NA,NA,NA
"27",2495826,1.9,20.8,0.1,0,-1,"Vernon Davis","TE",NA,NA,NA,NA,NA,NA,NA,NA,NA
"28",2495835,0.2,2.7,0,0,-1,"Anthony Fasano","TE",NA,NA,NA,NA,NA,NA,NA,NA,NA
"29",2495888,1.6,21.3,0.1,0,-1,"Marcedes Lewis","TE",NA,NA,NA,NA,NA,NA,NA,NA,NA
"30",2495966,5.1,61.2,0.3,0,-1,"Delanie Walker","TE",NA,NA,NA,NA,NA,NA,NA,NA,NA
"31",2505299,4.7,51,0.5,0,-1,"Antonio Gates","TE",NA,NA,NA,NA,NA,NA,NA,NA,NA
"32",2505629,4.6,48.6,0.3,0.1,-1,"Jason Witten","TE",NA,NA,NA,NA,NA,NA,NA,NA,NA
"33",2507218,1.5,18.4,0.1,0,-1,"Brent Celek","TE",NA,NA,NA,NA,NA,NA,NA,NA,NA
"34",2507486,1.8,17.4,0.1,0,-1,"Kellen Davis","TE",NA,NA,NA,NA,NA,NA,NA,NA,NA
"35",2507828,0,0,0,0,-1,"Logan Paulsen","TE",NA,NA,NA,NA,NA,NA,NA,NA,NA
"36",2508112,0,0,0,0,-1,"Rob Housler","TE",NA,NA,NA,NA,NA,NA,NA,NA,NA
"37",2532835,0.3,3.5,0.1,0,-1,"Rhett Ellison","TE",NA,NA,NA,NA,NA,NA,NA,NA,NA
"38",2532838,4.9,53.6,0.3,0,-1,"Coby Fleener","TE",NA,NA,NA,NA,NA,NA,NA,NA,NA
"39",2533046,2.7,24.1,0.2,0,-1,"Dwayne Allen","TE",NA,NA,NA,NA,NA,NA,NA,NA,NA
"40",2533047,0,0,0,0,-1,"Orson Charles","TE",NA,NA,NA,NA,NA,NA,NA,NA,NA
"41",2533353,0.1,0.4,0,0,-1,"Cory Harkey","TE",NA,NA,NA,NA,NA,NA,NA,NA,NA
"42",2534820,2.6,26.2,0.3,0,-1,"Garrett Celek","TE",NA,NA,NA,NA,NA,NA,NA,NA,NA
"43",2535535,0,0,0,0,-1,"Phillip Supernaw","TE",NA,NA,NA,NA,NA,NA,NA,NA,NA
"44",2535943,0,0,0,0,-1,"Sean McGrath","TE",NA,NA,NA,NA,NA,NA,NA,NA,NA
"45",2537933,2.9,29.3,0.4,0.1,-1,"Larry Donnell","TE",NA,NA,NA,NA,NA,NA,NA,NA,NA
"46",2539645,0.1,0.6,0,0,-1,"Brandon Williams","TE",NA,NA,NA,NA,NA,NA,NA,NA,NA
"47",2539995,0.4,3.7,0,0,-1,"Mychal Rivera","TE",NA,NA,NA,NA,NA,NA,NA,NA,NA
"48",2540160,6.2,64.2,0.6,0.1,-1,"Jordan Reed","TE",NA,NA,NA,NA,NA,NA,NA,NA,NA
"49",2540200,0.4,3.5,0,0,-1,"Dion Sims","TE",NA,NA,NA,NA,NA,NA,NA,NA,NA
"50",2540203,0.3,2.4,0,0,-1,"Levine Toilolo","TE",NA,NA,NA,NA,NA,NA,NA,NA,NA
"51",2540211,1.6,16.6,0.2,0.2,-1,"Gavin Escobar","TE",NA,NA,NA,NA,NA,NA,NA,NA,NA
"52",2540215,2.4,21,0.2,0,-1,"Vance McDonald","TE",NA,NA,NA,NA,NA,NA,NA,NA,NA
"53",2540232,2.1,18.9,0.2,0,-1,"Jack Doyle","TE",NA,NA,NA,NA,NA,NA,NA,NA,NA
"54",2540258,4.4,49.4,0.2,0.2,-1,"Travis Kelce","TE",NA,NA,NA,NA,NA,NA,NA,NA,NA
"55",2540259,0.2,2.3,0,0,-1,"MarQueis Gray","TE",NA,NA,NA,NA,NA,NA,NA,NA,NA
"56",2540928,0.5,6.4,0.1,0,-1,"Darren Fells","TE",NA,NA,NA,NA,NA,NA,NA,NA,NA
"57",2541096,0,0,0,0,-1,"Ifeanyi Momah","TE",NA,NA,NA,NA,NA,NA,NA,NA,NA
"58",2541187,1.8,15.7,0.1,0,-1,"Demetrius Harris","TE",NA,NA,NA,NA,NA,NA,NA,NA,NA
"59",2541199,2,24.1,0.1,0,-1,"Luke Willson","TE",NA,NA,NA,NA,NA,NA,NA,NA,NA
"60",2541316,1.8,19.4,0.1,0,-1,"Ryan Griffin","TE",NA,NA,NA,NA,NA,NA,NA,NA,NA
"61",2541834,0.3,2.8,0,0,-1,"Josh Hill","TE",NA,NA,NA,NA,NA,NA,NA,NA,NA
"62",2543466,3.4,41.2,0.4,0,-1,"Eric Ebron","TE",NA,NA,NA,NA,NA,NA,NA,NA,NA
"63",2543481,0.9,9.3,0.1,0,-1,"Jace Amaro","TE",NA,NA,NA,NA,NA,NA,NA,NA,NA
"64",2543628,0.2,1.5,0.1,0,-1,"Troy Niklas","TE",NA,NA,NA,NA,NA,NA,NA,NA,NA
"65",2543683,1.5,22.1,0.2,0,-1,"Austin Seferian-Jenkins","TE",NA,NA,NA,NA,NA,NA,NA,NA,NA
"66",2543721,1.4,14.1,0.1,0.1,-1,"C.J. Fiedorowicz","TE",NA,NA,NA,NA,NA,NA,NA,NA,NA
"67",2543794,1.1,13.3,0.1,0,-1,"Crockett Gillmore","TE",NA,NA,NA,NA,NA,NA,NA,NA,NA
"68",2550284,1.8,17,0.1,0,-1,"Trey Burton","TE",NA,NA,NA,NA,NA,NA,NA,NA,NA
"69",2550355,0,0,0,0,-1,"Nic Jacobs","TE",NA,NA,NA,NA,NA,NA,NA,NA,NA
"70",2550356,0,0,0,0,-1,"Marcel Jensen","TE",NA,NA,NA,NA,NA,NA,NA,NA,NA
"71",2550454,0,0,0,0,-1,"Asante Cleveland","TE",NA,NA,NA,NA,NA,NA,NA,NA,NA
"72",2550656,1.9,23.5,0.2,0,-1,"Cameron Brate","TE",NA,NA,NA,NA,NA,NA,NA,NA,NA
"73",2551359,0,0,0,0,-1,"Jerome Cunningham","TE",NA,NA,NA,NA,NA,NA,NA,NA,NA
"74",2552397,3.1,34.8,0.3,0,-1,"Clive Walford","TE",NA,NA,NA,NA,NA,NA,NA,NA,NA
"75",2552399,1.1,11,0.1,0,-1,"Jeff Heuerman","TE",NA,NA,NA,NA,NA,NA,NA,NA,NA
"76",2552401,0.3,3,0,0,-1,"MyCole Pruitt","TE",NA,NA,NA,NA,NA,NA,NA,NA,NA
"77",2552403,0.2,2.9,0,0,-1,"Nick OLeary","TE",NA,NA,NA,NA,NA,NA,NA,NA,NA
"78",2552468,0.7,6.5,0,0,-1,"Maxx Williams","TE",NA,NA,NA,NA,NA,NA,NA,NA,NA
"79",2552478,0.4,4,0,0,-1,"Blake Bell","TE",NA,NA,NA,NA,NA,NA,NA,NA,NA
"80",2552559,2.8,32.1,0.2,0,-1,"C.J. Uzomah","TE",NA,NA,NA,NA,NA,NA,NA,NA,NA
"81",2552586,1.6,17.5,0.1,0,-1,"Tyler Kroft","TE",NA,NA,NA,NA,NA,NA,NA,NA,NA
"82",2552633,3.3,30.3,0.2,0,-1,"Jesse James","TE",NA,NA,NA,NA,NA,NA,NA,NA,NA
"83",2552660,0.2,2.1,0,0,-1,"Randall Telfer","TE",NA,NA,NA,NA,NA,NA,NA,NA,NA
"84",2553318,0.3,3,0,0,-1,"James OShaughnessy","TE",NA,NA,NA,NA,NA,NA,NA,NA,NA
"85",2553454,1.1,11,0.1,0,-1,"Geoff Swaim","TE",NA,NA,NA,NA,NA,NA,NA,NA,NA
"86",2553552,0,0,0,0,-1,"Khari Lee","TE",NA,NA,NA,NA,NA,NA,NA,NA,NA
"87",2553773,0,0,0,0,-1,"Mitchell Henry","TE",NA,NA,NA,NA,NA,NA,NA,NA,NA
"88",2553830,2.4,26.4,0.1,0.1,-1,"Will Tye","TE",NA,NA,NA,NA,NA,NA,NA,NA,NA
"89",2553840,0,0,0,0,-1,"Brian Parker","TE",NA,NA,NA,NA,NA,NA,NA,NA,NA
"90",2555289,0.3,2.4,0,0,-1,"Nick Vannett","TE",NA,NA,NA,NA,NA,NA,NA,NA,NA
"91",2555306,0.2,2,0,0,-1,"David Morgan","TE",NA,NA,NA,NA,NA,NA,NA,NA,NA
"92",2555311,0,0,0,0,-1,"Jerell Adams","TE",NA,NA,NA,NA,NA,NA,NA,NA,NA
"93",2555341,2.7,24.1,0.2,0,-1,"Hunter Henry","TE",NA,NA,NA,NA,NA,NA,NA,NA,NA
"94",2555364,0.9,7.5,0,0,-1,"Tyler Higbee","TE",NA,NA,NA,NA,NA,NA,NA,NA,NA
"95",2555415,1.7,16.2,0.1,0,-1,"Austin Hooper","TE",NA,NA,NA,NA,NA,NA,NA,NA,NA
"96",2555486,0.2,1.6,0,0,-1,"Temarrick Hemingway","TE",NA,NA,NA,NA,NA,NA,NA,NA,NA
"97",2556463,1.7,15.7,0.1,0,-1,"Stephen Anderson","TE",NA,NA,NA,NA,NA,NA,NA,NA,NA
"98",2556708,0,0,0,0,-1,"Cole Wick","TE",NA,NA,NA,NA,NA,NA,NA,NA,NA
"99",324,2.4,26.3,0.1,0,3,"Jacob Tamme","TE",1,0,0,0,0,0.1,0,0,0
"100",1060,3.8,46,0.3,0,3,"Gary Barnidge","TE",1,0,0,0,0,0.1,0,0,0
"101",1062,3.8,37.1,0.3,0,3,"Martellus Bennett","TE",1,0,0,0,0,0.1,0,0,0
"102",1992,0,0,0,0,3,"Craig Stevens","TE",NA,0,0,0,0,0,0,0,0
"103",71255,0,0,0,0,3,"Chase Coffman","TE",NA,0,0,0,0,0,0,0,0
"104",71265,3.1,36.6,0.3,0,3,"Jared Cook","TE",1,0,0,0,0,0.1,0,0,0
"105",71431,0,0,0,0,3,"Brandon Pettigrew","TE",NA,0,0,0,0,0,0,0,0
"106",71435,0.2,1.9,0,0,3,"John Phillips","TE",1,0,0,0,0,0,0,0,0
"107",79589,0.4,3,0,0,3,"David Johnson","TE",1,0,0,0,0,0,0,0,0
"108",79625,0,0,0,0,3,"Bear Pascoe","TE",NA,0,0,0,0,0,0,0,0
"109",89766,0,0,0,0,3,"Brandon Myers","TE",NA,0,0,0,0,0,0,0,0
"110",238457,3.8,43.1,0.3,0,3,"Zach Miller","TE",1,0,0,0,0,0.2,0,0,0
"111",497224,1,10.6,0.1,0,3,"Ed Dickson","TE",1,0,0,0,0,0,0,0,0
"112",497226,0.6,3.8,0,0,3,"Jim Dray","TE",1,0,0,0,0,0,0,0,0
"113",497234,0,0,0,0,3,"Garrett Graham","TE",NA,0,0,0,0,0,0,0,0
"114",497236,3.3,40.5,0.3,0,3,"Jimmy Graham","TE",1,0,0,0,0,0.1,0,0,0
"115",497238,1.1,11.7,0.1,0,3,"Jermaine Gresham","TE",1,0,0,0,0,0,0,0,0
"116",497240,5.1,65.9,0.5,0,3,"Rob Gronkowski","TE",1,0,0,0,0,0.2,0,0,0
"117",497242,0,0,0,0,3,"Clay Harbor","TE",NA,0,0,0,0,0,0,0,0
"118",497246,0.6,6,0,0,3,"Michael Hoomanawanui","TE",1,0,0,0,0,0,0,0,0
"119",497250,0,0,0,0,3,"Anthony McCoy","TE",NA,0,0,0,0,0,0,0,0
"120",497254,3,32.5,0.3,0,3,"Dennis Pitta","TE",1,0,0,0,0,0.1,0,0,0
"121",497256,0,0,0,0,3,"Tony Moeaki","TE",NA,0,0,0,0,0,0,0,0
"122",497258,0,0,0,0,3,"Andrew Quarless","TE",NA,0,0,0,0,0,0,0,0
"123",2495139,3.5,35.1,0.2,0,3,"Charles Clay","TE",1,0,0,0,0,0.1,0,0,0
"124",2495187,2.5,25.5,0.1,0,3,"Lance Kendricks","TE",1,0,0,0,0,0,0,0,0
"125",2495211,0.2,2.2,0,0,3,"Niles Paul","TE",1,0,0,0,0,0,0,0,0
"126",2495234,0.2,1.9,0,0,3,"Luke Stocker","TE",1,0,0,0,0,0,0,0,0
"127",2495267,3.1,38.5,0.3,0,3,"Jordan Cameron","TE",1,0,0,0,0,0,0,0,0
"128",2495288,3.4,27.1,0.1,0,3,"Virgil Green","TE",1,0,0,0,0,0.1,0,0,0
"129",2495347,0.3,2.7,0,0,3,"Lee Smith","TE",1,0,0,0,0,0,0,0,0
"130",2495353,3.6,45.9,0.4,0,3,"Julius Thomas","TE",1,0,0,0,0,0.1,0,0,0
"131",2495438,3.3,32.3,0.2,0,3,"Kyle Rudolph","TE",1,0,0,0,0,0.1,0,0,0
"132",2495573,0,0,0,0,3,"Scott Chandler","TE",NA,0,0,0,0,0,0,0,0
"133",2495620,0,0,0,0,3,"Clark Harris","TE",NA,0,0,0,0,0,0,0,0
"134",2495700,4.5,67.9,0.5,0,3,"Greg Olsen","TE",1,0,0,0,0,0.3,0,0,0
"135",2495825,0,0,0,0,3,"Owen Daniels","TE",NA,0,0,0,0,0,0,0,0
"136",2495826,0.5,4.7,0,0,3,"Vernon Davis","TE",1,0,0,0,0,0,0,0,0
"137",2495835,0.6,6.3,0.1,0,3,"Anthony Fasano","TE",1,0,0,0,0,0,0,0,0
"138",2495888,0.6,7.2,0.1,0,3,"Marcedes Lewis","TE",1,0,0,0,0,0,0,0,0
"139",2495966,4.4,57.9,0.4,0,3,"Delanie Walker","TE",1,0,0,0,0,0.2,0,0,0
"140",2505299,3.9,49,0.3,0,3,"Antonio Gates","TE",1,0,0,0,0,0.2,0,0,0
"141",2505629,4.1,39,0.3,0,3,"Jason Witten","TE",1,0,0,0,0,0.1,0,0,0
"142",2506122,0,0,0,0,3,"Benjamin Watson","TE",NA,0,0,0,0,0,0,0,0
"143",2506619,0.3,4.2,0,0,3,"Daniel Fells","TE",1,0,0,0,0,0,0,0,0
"144",2507182,0,0,0,0,3,"Matt Spaeth","TE",NA,0,0,0,0,0,0,0,0
"145",2507218,4.3,39.9,0.3,0,3,"Brent Celek","TE",1,0,0,0,0,0.1,0,0,0
"146",2507405,0,0,0,0,3,"Matthew Mulligan","TE",NA,0,0,0,0,0,0,0,0
"147",2507486,1.4,9.1,0.1,0,3,"Kellen Davis","TE",1,0,0,0,0,0,0,0,0
"148",2507828,0,0,0,0,3,"Logan Paulsen","TE",NA,0,0,0,0,0,0,0,0
"149",2507883,0.2,2.2,0,0,3,"Jeff Cumberland","TE",1,0,0,0,0,0,0,0,0
"150",2508112,0,0,0,0,3,"Rob Housler","TE",NA,0,0,0,0,0,0,0,0
"151",2532835,0.4,4.3,0,0,3,"Rhett Ellison","TE",1,0,0,0,0,0,0,0,0
"152",2532838,4.3,52.9,0.4,0,3,"Coby Fleener","TE",1,0,0,0,0,0.1,0,0,0
"153",2532853,0,0,0,0,3,"Ladarius Green","TE",NA,0,0,0,0,0,0,0,0
"154",2533028,0.6,6.2,0.1,0,3,"James Hanna","TE",1,0,0,0,0,0,0,0,0
"155",2533046,3.3,36.9,0.3,0,3,"Dwayne Allen","TE",1,0,0,0,0,0,0,0,0
"156",2533047,0,0,0,0,3,"Orson Charles","TE",NA,0,0,0,0,0,0,0,0
"157",2533353,0,0,0,0,3,"Cory Harkey","TE",NA,0,0,0,0,0,0,0,0
"158",2534241,0,0,0,0,3,"Derek Carrier","TE",NA,0,0,0,0,0,0,0,0
"159",2534244,0,0,0,0,3,"Chase Ford","TE",NA,0,0,0,0,0,0,0,0
"160",2534820,1.4,12.7,0.1,0,3,"Garrett Celek","TE",1,0,0,0,0,0,0,0,0
"161",2535535,0,0,0,0,3,"Phillip Supernaw","TE",NA,0,0,0,0,0,0,0,0
"162",2535943,0,0,0,0,3,"Sean McGrath","TE",NA,0,0,0,0,0,0,0,0
"163",2536071,0,0,0,0,3,"Cooper Helfet","TE",NA,0,0,0,0,0,0,0,0
"164",2536342,0.5,4.4,0,0,3,"Brandon Bostick","TE",1,0,0,0,0,0,0,0,0
"165",2537933,1.8,19.1,0.2,0,3,"Larry Donnell","TE",1,0,0,0,0,0,0,0,0
"166",2539197,0,0,0,0,3,"Michael Williams","TE",NA,0,0,0,0,0,0,0,0
"167",2539202,0,0,0,0,3,"Chris Gragg","TE",NA,0,0,0,0,0,0,0,0
"168",2539208,0,0,0,0,3,"Chris Pantale","TE",NA,0,0,0,0,0,0,0,0
"169",2539283,0,0,0,0,3,"Jake Stoneburner","TE",NA,0,0,0,0,0,0,0,0
"170",2539645,0.2,1.9,0,0,3,"Brandon Williams","TE",1,0,0,0,0,0,0,0,0
"171",2539995,1.6,15.2,0.1,0,3,"Mychal Rivera","TE",1,0,0,0,0,0,0,0,0
"172",2540148,0,0,0,0,3,"Tyler Eifert","TE",NA,0,0,0,0,0,0,0,0
"173",2540158,0,0,0,0,3,"Zach Ertz","TE",1,0,0,0,0,0,0,0,0
"174",2540160,5.6,62.5,0.5,0,3,"Jordan Reed","TE",1,0,0,0,0,0.2,0,0,0
"175",2540200,0.5,4.9,0,0,3,"Dion Sims","TE",1,0,0,0,0,0,0,0,0
"176",2540203,0,0,0,0,3,"Levine Toilolo","TE",NA,0,0,0,0,0,0,0,0
"177",2540211,0.6,4.6,0.1,0,3,"Gavin Escobar","TE",1,0,0,0,0,0,0,0,0
"178",2540215,2.7,26.8,0.2,0,3,"Vance McDonald","TE",1,0,0,0,0,0,0,0,0
"179",2540232,1.1,11.3,0.1,0,3,"Jack Doyle","TE",1,0,0,0,0,0,0,0,0
"180",2540257,0,0,0,0,3,"Justice Cunningham","TE",NA,0,0,0,0,0,0,0,0
"181",2540258,4.3,47.8,0.2,0,3,"Travis Kelce","TE",1,0,0,0,0,0.1,0,0,0
"182",2540259,0,0,0,0,3,"MarQueis Gray","TE",NA,0,0,0,0,0,0,0,0
"183",2540928,1.5,16.3,0.2,0,3,"Darren Fells","TE",1,0,0,0,0,0.1,0,0,0
"184",2541096,0,0,0,0,3,"Ifeanyi Momah","TE",NA,0,0,0,0,0,0,0,0
"185",2541151,0,0,0,0,3,"Zach Sudfeld","TE",NA,0,0,0,0,0,0,0,0
"186",2541187,0.3,2.6,0,0,3,"Demetrius Harris","TE",1,0,0,0,0,0,0,0,0
"187",2541199,0.9,10.3,0.1,0,3,"Luke Willson","TE",1,0,0,0,0,0,0,0,0
"188",2541316,2.2,20.9,0.2,0,3,"Ryan Griffin","TE",1,0,0,0,0,0,0,0,0
"189",2541768,0.2,2.2,0,0,3,"Tim Wright","TE",1,0,0,0,0,0,0,0,0
"190",2541834,0.9,7.9,0.1,0,3,"Josh Hill","TE",1,0,0,0,0,0,0,0,0
"191",2543466,4,48.1,0.4,0,3,"Eric Ebron","TE",1,0,0,0,0,0.2,0,0,0
"192",2543481,0.2,2.2,0,0,3,"Jace Amaro","TE",1,0,0,0,0,0,0,0,0
"193",2543628,0.3,3.6,0,0,3,"Troy Niklas","TE",1,0,0,0,0,0,0,0,0
"194",2543683,1.6,20.8,0.1,0,3,"Austin Seferian-Jenkins","TE",1,0,0,0,0,0,0,0,0
"195",2543721,1,8.1,0.1,0,3,"C.J. Fiedorowicz","TE",1,0,0,0,0,0,0,0,0
"196",2543794,1.9,24.1,0.2,0,3,"Crockett Gillmore","TE",1,0,0,0,0,0.1,0,0,0
"197",2550243,0.3,3.3,0,0,3,"Justin Perillo","TE",1,0,0,0,0,0,0,0,0
"198",2550278,0,0,0,0,3,"Blake Annen","TE",NA,0,0,0,0,0,0,0,0
"199",2550284,1.9,22.9,0.2,0,3,"Trey Burton","TE",1,0,0,0,0,0.1,0,0,0
"200",2550313,1.2,12.4,0.1,0,3,"Richard Rodgers","TE",1,0,0,0,0,0,0,0,0
"201",2550355,0,0,0,0,3,"Nic Jacobs","TE",NA,0,0,0,0,0,0,0,0
"202",2550356,0,0,0,0,3,"Marcel Jensen","TE",NA,0,0,0,0,0,0,0,0
"203",2550405,0.2,1.6,0,0,3,"Erik Swoope","TE",1,0,0,0,0,0,0,0,0
"204",2550454,0.3,1.7,0,0,3,"Asante Cleveland","TE",1,0,0,0,0,0,0,0,0
"205",2550521,0.4,4.3,0,0,3,"Xavier Grimble","TE",1,0,0,0,0,0,0,0,0
"206",2550656,2.1,24.5,0.1,0,3,"Cameron Brate","TE",1,0,0,0,0,0.1,0,0,0
"207",2551359,0,0,0,0,3,"Jerome Cunningham","TE",NA,0,0,0,0,0,0,0,0
"208",2552396,0,0,0,0,3,"Ben Koyack","TE",NA,0,0,0,0,0,0,0,0
"209",2552397,2.9,32.1,0.3,0,3,"Clive Walford","TE",1,0,0,0,0,0,0,0,0
"210",2552399,1.4,12,0.1,0,3,"Jeff Heuerman","TE",1,0,0,0,0,0,0,0,0
"211",2552401,1,10.4,0.1,0,3,"MyCole Pruitt","TE",1,0,0,0,0,0,0,0,0
"212",2552402,0,0,0,0,3,"Nick Boyle","TE",NA,0,0,0,0,0,0,0,0
"213",2552403,0.2,2,0,0,3,"Nick OLeary","TE",1,0,0,0,0,0,0,0,0
"214",2552462,0,0,0,0,3,"Gerald Christian","TE",NA,0,0,0,0,0,0,0,0
"215",2552468,0.8,8,0.1,0,3,"Maxx Williams","TE",1,0,0,0,0,0,0,0,0
"216",2552478,1.1,9.1,0.1,0,3,"Blake Bell","TE",1,0,0,0,0,0,0,0,0
"217",2552559,4.2,35.4,0.5,0,3,"C.J. Uzomah","TE",1,0,0,0,0,0.1,0,0,0
"218",2552580,0.3,2.3,0,0,3,"A.J. Derby","TE",1,0,0,0,0,0,0,0,0
"219",2552586,1.8,20.3,0.2,0,3,"Tyler Kroft","TE",1,0,0,0,0,0.1,0,0,0
"220",2552633,3,25.3,0.3,0,3,"Jesse James","TE",1,0,0,0,0,0,0,0,0
"221",2552660,0,0,0,0,3,"Randall Telfer","TE",NA,0,0,0,0,0,0,0,0
"222",2553318,0.2,1.8,0,0,3,"James OShaughnessy","TE",1,0,0,0,0,0,0,0,0
"223",2553451,0,0,0,0,3,"Neal Sterling","TE",NA,0,0,0,0,0,0,0,0
"224",2553454,0,0,0,0,3,"Geoff Swaim","TE",NA,0,0,0,0,0,0,0,0
"225",2553552,0.9,6.5,0.1,0,3,"Khari Lee","TE",1,0,0,0,0,0,0,0,0
"226",2553658,0,0,0,0,3,"Gabe Holmes","TE",NA,0,0,0,0,0,0,0,0
"227",2553667,0,0,0,0,3,"Matt LaCosse","TE",NA,0,0,0,0,0,0,0,0
"228",2553773,0,0,0,0,3,"Mitchell Henry","TE",NA,0,0,0,0,0,0,0,0
"229",2553791,0,0,0,0,3,"E.J. Bibbs","TE",NA,0,0,0,0,0,0,0,0
"230",2553830,2.4,25.4,0.2,0,3,"Will Tye","TE",1,0,0,0,0,0.1,0,0,0
"231",2553840,0,0,0,0,3,"Brian Parker","TE",NA,0,0,0,0,0,0,0,0
"232",2555289,0.4,3.9,0,0,3,"Nick Vannett","TE",1,0,0,0,0,0,0,0,0
"233",2555306,0,0,0,0,3,"David Morgan","TE",NA,0,0,0,0,0,0,0,0
"234",2555311,0.2,2.7,0,0,3,"Jerell Adams","TE",1,0,0,0,0,0,0,0,0
"235",2555341,1.5,16.9,0.1,0,3,"Hunter Henry","TE",1,0,0,0,0,0,0,0,0
"236",2555364,1.1,10.5,0,0,3,"Tyler Higbee","TE",1,0,0,0,0,0,0,0,0
"237",2555415,1.2,12,0.1,0,3,"Austin Hooper","TE",1,0,0,0,0,0,0,0,0
"238",2555486,0,0,0,0,3,"Temarrick Hemingway","TE",NA,0,0,0,0,0,0,0,0
"239",2556463,0,0,0,0,3,"Stephen Anderson","TE",NA,0,0,0,0,0,0,0,0
"240",2556708,0,0,0,0,3,"Cole Wick","TE",NA,0,0,0,0,0,0,0,0
"241",324,3.4,35.8,0.2,NA,4,"Jacob Tamme","TE",NA,0,0,0,NA,NA,NA,NA,NA
"242",1060,3.8,48.4,0.4,NA,4,"Gary Barnidge","TE",NA,0,0,0,NA,NA,NA,NA,NA
"243",1062,2.7,28.9,0.3,NA,4,"Martellus Bennett","TE",NA,0,0,0,NA,NA,NA,NA,NA
"244",71265,2.6,30.7,0.2,NA,4,"Jared Cook","TE",NA,0,0,0,NA,NA,NA,NA,NA
"245",238457,3.6,36.5,0.3,NA,4,"Zach Miller","TE",NA,0,0,0,NA,NA,NA,NA,NA
"246",497236,2.2,27.2,0.3,NA,4,"Jimmy Graham","TE",NA,0,0,0,NA,NA,NA,NA,NA
"247",497238,1.2,12.5,0.1,NA,4,"Jermaine Gresham","TE",NA,0,0,0,NA,NA,NA,NA,NA
"248",497240,4.2,57.1,0.5,NA,4,"Rob Gronkowski","TE",NA,0,0,0,NA,NA,NA,NA,NA
"249",497254,2.6,30.7,0.2,NA,4,"Dennis Pitta","TE",NA,0,0,0,NA,NA,NA,NA,NA
"250",2495139,3.2,35.5,0.3,NA,4,"Charles Clay","TE",NA,0,0,0,NA,NA,NA,NA,NA
"251",2495187,1.9,17.6,0.1,NA,4,"Lance Kendricks","TE",NA,0,0,0,NA,NA,NA,NA,NA
"252",2495267,3,35.4,0.2,NA,4,"Jordan Cameron","TE",NA,0,0,0,NA,NA,NA,NA,NA
"253",2495288,3,26.4,0.2,NA,4,"Virgil Green","TE",NA,0,0,0,NA,NA,NA,NA,NA
"254",2495353,4.1,47.5,0.4,NA,4,"Julius Thomas","TE",NA,0,0,0,NA,NA,NA,NA,NA
"255",2495438,3.3,34,0.2,NA,4,"Kyle Rudolph","TE",NA,0,0,0,NA,NA,NA,NA,NA
"256",2495700,4.8,63.9,0.4,NA,4,"Greg Olsen","TE",NA,0,0,0,NA,NA,NA,NA,NA
"257",2495826,1,10.9,0.1,NA,4,"Vernon Davis","TE",NA,0,0,0,NA,NA,NA,NA,NA
"258",2495888,0.9,11.1,0.1,NA,4,"Marcedes Lewis","TE",NA,0,0,0,NA,NA,NA,NA,NA
"259",2495966,4.3,52.4,0.3,NA,4,"Delanie Walker","TE",NA,0,0,0,NA,NA,NA,NA,NA
"260",2505299,4.8,57.9,0.5,NA,4,"Antonio Gates","TE",NA,0,0,0,NA,NA,NA,NA,NA
"261",2505629,4.6,48.9,0.3,NA,4,"Jason Witten","TE",NA,0,0,0,NA,NA,NA,NA,NA
"262",2507218,2.5,30,0.2,NA,4,"Brent Celek","TE",NA,0,0,0,NA,NA,NA,NA,NA
"263",2532838,4.2,49.6,0.4,NA,4,"Coby Fleener","TE",NA,0,0,0,NA,NA,NA,NA,NA
"264",2533046,3.5,33.8,0.3,NA,4,"Dwayne Allen","TE",NA,0,0,0,NA,NA,NA,NA,NA
"265",2534820,2.3,22.9,0.1,NA,4,"Garrett Celek","TE",NA,0,0,0,NA,NA,NA,NA,NA
"266",2537933,2.2,25.7,0.3,NA,4,"Larry Donnell","TE",NA,0,0,0,NA,NA,NA,NA,NA
"267",2540160,6,62,0.5,NA,4,"Jordan Reed","TE",NA,0,0,0,NA,NA,NA,NA,NA
"268",2540203,1.3,13.6,0.1,NA,4,"Levine Toilolo","TE",NA,0,0,0,NA,NA,NA,NA,NA
"269",2540215,2.5,27.4,0.2,NA,4,"Vance McDonald","TE",NA,0,0,0,NA,NA,NA,NA,NA
"270",2540232,1.2,11.4,0.1,NA,4,"Jack Doyle","TE",NA,0,0,0,NA,NA,NA,NA,NA
"271",2540258,5.1,46.2,0.3,NA,4,"Travis Kelce","TE",NA,0,0,0,NA,NA,NA,NA,NA
"272",2540928,1.1,12.9,0.1,NA,4,"Darren Fells","TE",NA,0,0,0,NA,NA,NA,NA,NA
"273",2541199,1.7,19.7,0.2,NA,4,"Luke Willson","TE",NA,0,0,0,NA,NA,NA,NA,NA
"274",2541316,1.1,12.1,0.1,NA,4,"Ryan Griffin","TE",NA,0,0,0,NA,NA,NA,NA,NA
"275",2541834,1.7,17.1,0.1,NA,4,"Josh Hill","TE",NA,0,0,0,NA,NA,NA,NA,NA
"276",2543466,3.8,42,0.3,NA,4,"Eric Ebron","TE",NA,0,0,0,NA,NA,NA,NA,NA
"277",2543683,1.7,21.1,0.1,NA,4,"Austin Seferian-Jenkins","TE",NA,0,0,0,NA,NA,NA,NA,NA
"278",2543794,1.7,18.7,0.1,NA,4,"Crockett Gillmore","TE",NA,0,0,0,NA,NA,NA,NA,NA
"279",2550284,2.1,25.1,0.2,NA,4,"Trey Burton","TE",NA,0,0,0,NA,NA,NA,NA,NA
"280",2550313,1.9,19.6,0.2,NA,4,"Richard Rodgers","TE",NA,0,0,0,NA,NA,NA,NA,NA
"281",2550656,2.1,24.2,0.2,NA,4,"Cameron Brate","TE",NA,0,0,0,NA,NA,NA,NA,NA
"282",2552397,2.7,29.7,0.3,NA,4,"Clive Walford","TE",NA,0,0,0,NA,NA,NA,NA,NA
"283",2552559,2.9,32.2,0.3,NA,4,"C.J. Uzomah","TE",NA,0,0,0,NA,NA,NA,NA,NA
"284",2552633,3.4,32.6,0.3,NA,4,"Jesse James","TE",NA,0,0,0,NA,NA,NA,NA,NA
"285",2553830,2.3,24.9,0.3,NA,4,"Will Tye","TE",NA,0,0,0,NA,NA,NA,NA,NA
"286",2555341,1.8,20,0.2,NA,4,"Hunter Henry","TE",NA,0,0,0,NA,NA,NA,NA,NA
"287",2556463,1.4,14.6,0.1,NA,4,"Stephen Anderson","TE",NA,0,0,0,NA,NA,NA,NA,NA
"288",2556708,1,11.7,0.1,NA,4,"Cole Wick","TE",NA,0,0,0,NA,NA,NA,NA,NA
"289",216,NA,NA,NA,NA,5,"Fred Davis","TE",NA,NA,NA,NA,NA,NA,NA,NA,NA
"290",324,NA,31,NA,NA,5,"Jacob Tamme","TE",NA,NA,NA,NA,NA,NA,NA,NA,NA
"291",1060,NA,52,1,NA,5,"Gary Barnidge","TE",NA,NA,NA,NA,NA,NA,NA,NA,NA
"292",1062,NA,32,NA,NA,5,"Martellus Bennett","TE",NA,NA,NA,NA,NA,NA,NA,NA,NA
"293",71247,NA,NA,NA,NA,5,"James Casey","TE",NA,NA,NA,NA,NA,NA,NA,NA,NA
"294",71255,NA,NA,NA,NA,5,"Chase Coffman","TE",NA,NA,NA,NA,NA,NA,NA,NA,NA
"295",71265,NA,32,NA,NA,5,"Jared Cook","TE",NA,NA,NA,NA,NA,NA,NA,NA,NA
"296",71431,NA,7,NA,NA,5,"Brandon Pettigrew","TE",NA,NA,NA,NA,NA,NA,NA,NA,NA
"297",71435,NA,3,NA,NA,5,"John Phillips","TE",NA,NA,NA,NA,NA,NA,NA,NA,NA
"298",79589,NA,2,NA,NA,5,"David Johnson","TE",NA,NA,NA,NA,NA,NA,NA,NA,NA
"299",89766,NA,NA,NA,NA,5,"Brandon Myers","TE",NA,NA,NA,NA,NA,NA,NA,NA,NA
"300",238457,NA,33,1,NA,5,"Zach Miller","TE",NA,NA,NA,NA,NA,NA,NA,NA,NA
"301",497224,NA,8,1,NA,5,"Ed Dickson","TE",NA,NA,NA,NA,NA,NA,NA,NA,NA
"302",497226,NA,5,NA,NA,5,"Jim Dray","TE",NA,NA,NA,NA,NA,NA,NA,NA,NA
"303",497234,NA,NA,NA,NA,5,"Garrett Graham","TE",NA,NA,NA,NA,NA,NA,NA,NA,NA
"304",497236,NA,54,1,NA,5,"Jimmy Graham","TE",NA,NA,NA,NA,NA,NA,NA,NA,NA
"305",497238,NA,9,NA,NA,5,"Jermaine Gresham","TE",NA,NA,NA,NA,NA,NA,NA,NA,NA
"306",497240,NA,59,NA,NA,5,"Rob Gronkowski","TE",NA,NA,NA,NA,NA,NA,NA,NA,NA
"307",497242,NA,7,NA,NA,5,"Clay Harbor","TE",NA,NA,NA,NA,NA,NA,NA,NA,NA
"308",497246,NA,NA,NA,NA,5,"Michael Hoomanawanui","TE",NA,NA,NA,NA,NA,NA,NA,NA,NA
"309",497250,NA,NA,NA,NA,5,"Anthony McCoy","TE",NA,NA,NA,NA,NA,NA,NA,NA,NA
"310",497254,NA,27,NA,NA,5,"Dennis Pitta","TE",NA,NA,NA,NA,NA,NA,NA,NA,NA
"311",497256,NA,NA,NA,NA,5,"Tony Moeaki","TE",NA,NA,NA,NA,NA,NA,NA,NA,NA
"312",2495139,NA,37,NA,NA,5,"Charles Clay","TE",NA,NA,NA,NA,NA,NA,NA,NA,NA
"313",2495187,NA,21,NA,NA,5,"Lance Kendricks","TE",NA,NA,NA,NA,NA,NA,NA,NA,NA
"314",2495211,NA,16,NA,NA,5,"Niles Paul","TE",NA,NA,NA,NA,NA,NA,NA,NA,NA
"315",2495234,NA,6,NA,NA,5,"Luke Stocker","TE",NA,NA,NA,NA,NA,NA,NA,NA,NA
"316",2495267,NA,25,NA,NA,5,"Jordan Cameron","TE",NA,NA,NA,NA,NA,NA,NA,NA,NA
"317",2495288,NA,7,NA,NA,5,"Virgil Green","TE",NA,NA,NA,NA,NA,NA,NA,NA,NA
"318",2495347,NA,4,NA,NA,5,"Lee Smith","TE",NA,NA,NA,NA,NA,NA,NA,NA,NA
"319",2495353,NA,41,NA,NA,5,"Julius Thomas","TE",NA,NA,NA,NA,NA,NA,NA,NA,NA
"320",2495438,NA,32,1,NA,5,"Kyle Rudolph","TE",NA,NA,1,NA,NA,NA,NA,NA,NA
"321",2495573,NA,NA,NA,NA,5,"Scott Chandler","TE",NA,NA,NA,NA,NA,NA,NA,NA,NA
"322",2495700,NA,58,NA,NA,5,"Greg Olsen","TE",NA,NA,NA,NA,NA,NA,NA,NA,NA
"323",2495825,NA,NA,NA,NA,5,"Owen Daniels","TE",NA,NA,NA,NA,NA,NA,NA,NA,NA
"324",2495826,NA,7,NA,NA,5,"Vernon Davis","TE",NA,NA,NA,NA,NA,NA,NA,NA,NA
"325",2495835,NA,8,NA,NA,5,"Anthony Fasano","TE",NA,NA,NA,NA,NA,NA,NA,NA,NA
"326",2495888,NA,13,NA,NA,5,"Marcedes Lewis","TE",NA,NA,NA,NA,NA,NA,NA,NA,NA
"327",2495966,NA,58,NA,NA,5,"Delanie Walker","TE",NA,NA,NA,NA,NA,NA,NA,NA,NA
"328",2499277,NA,NA,NA,NA,5,"David Ausberry","TE",NA,NA,NA,NA,NA,NA,NA,NA,NA
"329",2505299,NA,51,1,NA,5,"Antonio Gates","TE",NA,NA,NA,NA,NA,NA,NA,NA,NA
"330",2505629,NA,36,NA,NA,5,"Jason Witten","TE",NA,NA,NA,NA,NA,NA,NA,NA,NA
"331",2506619,NA,NA,NA,NA,5,"Daniel Fells","TE",NA,NA,NA,NA,NA,NA,NA,NA,NA
"332",2507218,NA,18,NA,NA,5,"Brent Celek","TE",NA,NA,NA,NA,NA,NA,NA,NA,NA
"333",2507405,NA,NA,NA,NA,5,"Matthew Mulligan","TE",NA,NA,NA,NA,NA,NA,NA,NA,NA
"334",2507486,NA,8,NA,NA,5,"Kellen Davis","TE",NA,NA,NA,NA,NA,NA,NA,NA,NA
"335",2507828,NA,5,NA,NA,5,"Logan Paulsen","TE",NA,NA,NA,NA,NA,NA,NA,NA,NA
"336",2507883,NA,NA,NA,NA,5,"Jeff Cumberland","TE",NA,NA,NA,NA,NA,NA,NA,NA,NA
"337",2508112,NA,NA,NA,NA,5,"Rob Housler","TE",NA,NA,NA,NA,NA,NA,NA,NA,NA
"338",2532835,NA,4,NA,NA,5,"Rhett Ellison","TE",NA,NA,NA,NA,NA,NA,NA,NA,NA
"339",2532838,NA,34,NA,NA,5,"Coby Fleener","TE",NA,NA,NA,NA,NA,NA,NA,NA,NA
"340",2532853,NA,26,NA,NA,5,"Ladarius Green","TE",NA,NA,1,NA,NA,NA,NA,NA,NA
"341",2533028,NA,NA,NA,NA,5,"James Hanna","TE",NA,NA,NA,NA,NA,NA,NA,NA,NA
"342",2533046,NA,15,NA,NA,5,"Dwayne Allen","TE",NA,NA,1,NA,NA,NA,NA,NA,NA
"343",2533047,NA,4,NA,NA,5,"Orson Charles","TE",NA,NA,NA,NA,NA,NA,NA,NA,NA
"344",2533353,NA,3,NA,NA,5,"Cory Harkey","TE",NA,NA,NA,NA,NA,NA,NA,NA,NA
"345",2534241,NA,NA,NA,NA,5,"Derek Carrier","TE",NA,NA,NA,NA,NA,NA,NA,NA,NA
"346",2534244,NA,NA,NA,NA,5,"Chase Ford","TE",NA,NA,NA,NA,NA,NA,NA,NA,NA
"347",2534820,NA,9,NA,NA,5,"Garrett Celek","TE",NA,NA,NA,NA,NA,NA,NA,NA,NA
"348",2535535,NA,3,NA,NA,5,"Phillip Supernaw","TE",NA,NA,NA,NA,NA,NA,NA,NA,NA
"349",2535943,NA,7,NA,NA,5,"Sean McGrath","TE",NA,NA,NA,NA,NA,NA,NA,NA,NA
"350",2536071,NA,NA,NA,NA,5,"Cooper Helfet","TE",NA,NA,NA,NA,NA,NA,NA,NA,NA
"351",2536342,NA,2,NA,NA,5,"Brandon Bostick","TE",NA,NA,NA,NA,NA,NA,NA,NA,NA
"352",2537933,NA,28,NA,NA,5,"Larry Donnell","TE",NA,NA,NA,NA,NA,NA,NA,NA,NA
"353",2539202,NA,NA,NA,NA,5,"Chris Gragg","TE",NA,NA,NA,NA,NA,NA,NA,NA,NA
"354",2539645,NA,1,NA,NA,5,"Brandon Williams","TE",NA,NA,NA,NA,NA,NA,NA,NA,NA
"355",2539995,NA,18,NA,NA,5,"Mychal Rivera","TE",NA,NA,NA,NA,NA,NA,NA,NA,NA
"356",2540148,NA,NA,NA,NA,5,"Tyler Eifert","TE",NA,NA,NA,NA,NA,NA,NA,NA,NA
"357",2540158,NA,50,NA,NA,5,"Zach Ertz","TE",NA,NA,NA,NA,NA,NA,NA,NA,NA
"358",2540160,NA,65,NA,NA,5,"Jordan Reed","TE",NA,NA,NA,NA,NA,NA,NA,NA,NA
"359",2540200,NA,10,NA,NA,5,"Dion Sims","TE",NA,NA,NA,NA,NA,NA,NA,NA,NA
"360",2540203,NA,4,NA,NA,5,"Levine Toilolo","TE",NA,NA,1,NA,NA,NA,NA,NA,NA
"361",2540211,NA,3,NA,NA,5,"Gavin Escobar","TE",NA,NA,NA,NA,NA,NA,NA,NA,NA
"362",2540215,NA,25,NA,NA,5,"Vance McDonald","TE",NA,NA,NA,NA,NA,NA,NA,NA,NA
"363",2540232,NA,10,1,NA,5,"Jack Doyle","TE",NA,NA,1,NA,NA,NA,NA,NA,NA
"364",2540257,NA,NA,NA,NA,5,"Justice Cunningham","TE",NA,NA,NA,NA,NA,NA,NA,NA,NA
"365",2540258,NA,53,1,NA,5,"Travis Kelce","TE",NA,NA,NA,NA,NA,NA,NA,NA,NA
"366",2540259,NA,2,NA,NA,5,"MarQueis Gray","TE",NA,NA,NA,NA,NA,NA,NA,NA,NA
"367",2540928,NA,17,NA,NA,5,"Darren Fells","TE",NA,NA,NA,NA,NA,NA,NA,NA,NA
"368",2541096,NA,NA,NA,NA,5,"Ifeanyi Momah","TE",NA,NA,NA,NA,NA,NA,NA,NA,NA
"369",2541187,NA,7,NA,NA,5,"Demetrius Harris","TE",NA,NA,NA,NA,NA,NA,NA,NA,NA
"370",2541199,NA,16,1,NA,5,"Luke Willson","TE",NA,NA,NA,NA,NA,NA,NA,NA,NA
"371",2541316,NA,20,NA,NA,5,"Ryan Griffin","TE",NA,NA,NA,NA,NA,NA,NA,NA,NA
"372",2541834,NA,6,NA,NA,5,"Josh Hill","TE",NA,NA,NA,NA,NA,NA,NA,NA,NA
"373",2543466,NA,35,NA,NA,5,"Eric Ebron","TE",NA,NA,NA,NA,NA,NA,NA,NA,NA
"374",2543481,NA,22,NA,NA,5,"Jace Amaro","TE",NA,NA,NA,NA,NA,NA,NA,NA,NA
"375",2543628,NA,4,NA,NA,5,"Troy Niklas","TE",NA,NA,NA,NA,NA,NA,NA,NA,NA
"376",2543683,NA,44,1,NA,5,"Austin Seferian-Jenkins","TE",NA,NA,1,NA,NA,NA,NA,NA,NA
"377",2543721,NA,10,NA,NA,5,"C.J. Fiedorowicz","TE",NA,NA,1,NA,NA,NA,NA,NA,NA
"378",2543794,NA,25,NA,NA,5,"Crockett Gillmore","TE",NA,NA,NA,NA,NA,NA,NA,NA,NA
"379",2550206,NA,4,NA,NA,5,"Ryan Hewitt","TE",NA,NA,NA,NA,NA,NA,NA,NA,NA
"380",2550243,NA,4,NA,NA,5,"Justin Perillo","TE",NA,NA,NA,NA,NA,NA,NA,NA,NA
"381",2550284,NA,2,NA,NA,5,"Trey Burton","TE",NA,NA,1,NA,NA,NA,NA,NA,NA
"382",2550313,NA,36,NA,NA,5,"Richard Rodgers","TE",NA,NA,NA,NA,NA,NA,NA,NA,NA
"383",2550355,NA,NA,NA,NA,5,"Nic Jacobs","TE",NA,NA,NA,NA,NA,NA,NA,NA,NA
"384",2550356,NA,NA,NA,NA,5,"Marcel Jensen","TE",NA,NA,NA,NA,NA,NA,NA,NA,NA
"385",2550405,NA,5,NA,NA,5,"Erik Swoope","TE",NA,NA,1,NA,NA,NA,NA,NA,NA
"386",2550454,NA,NA,NA,NA,5,"Asante Cleveland","TE",NA,NA,NA,NA,NA,NA,NA,NA,NA
"387",2550521,NA,9,1,NA,5,"Xavier Grimble","TE",NA,NA,1,NA,NA,NA,NA,NA,NA
"388",2550656,NA,24,NA,NA,5,"Cameron Brate","TE",NA,NA,NA,NA,NA,NA,NA,NA,NA
"389",2551359,NA,NA,NA,NA,5,"Jerome Cunningham","TE",NA,NA,NA,NA,NA,NA,NA,NA,NA
"390",2552396,NA,5,NA,NA,5,"Ben Koyack","TE",NA,NA,NA,NA,NA,NA,NA,NA,NA
"391",2552397,NA,24,1,NA,5,"Clive Walford","TE",NA,NA,NA,NA,NA,NA,NA,NA,NA
"392",2552399,NA,9,NA,NA,5,"Jeff Heuerman","TE",NA,NA,1,NA,NA,NA,NA,NA,NA
"393",2552401,NA,6,NA,NA,5,"MyCole Pruitt","TE",NA,NA,NA,NA,NA,NA,NA,NA,NA
"394",2552402,NA,NA,NA,NA,5,"Nick Boyle","TE",NA,NA,NA,NA,NA,NA,NA,NA,NA
"395",2552403,NA,6,NA,NA,5,"Nick OLeary","TE",NA,NA,1,NA,NA,NA,NA,NA,NA
"396",2552462,NA,NA,NA,NA,5,"Gerald Christian","TE",NA,NA,NA,NA,NA,NA,NA,NA,NA
"397",2552468,NA,10,NA,NA,5,"Maxx Williams","TE",NA,NA,NA,NA,NA,NA,NA,NA,NA
"398",2552478,NA,7,NA,NA,5,"Blake Bell","TE",NA,NA,NA,NA,NA,NA,NA,NA,NA
"399",2552559,NA,26,NA,NA,5,"C.J. Uzomah","TE",NA,NA,1,NA,NA,NA,NA,NA,NA
"400",2552580,NA,NA,NA,NA,5,"A.J. Derby","TE",NA,NA,NA,NA,NA,NA,NA,NA,NA
"401",2552586,NA,5,NA,NA,5,"Tyler Kroft","TE",NA,NA,NA,NA,NA,NA,NA,NA,NA
"402",2552633,NA,22,1,NA,5,"Jesse James","TE",NA,NA,1,NA,NA,NA,NA,NA,NA
"403",2552660,NA,5,NA,NA,5,"Randall Telfer","TE",NA,NA,NA,NA,NA,NA,NA,NA,NA
"404",2553318,NA,NA,NA,NA,5,"James OShaughnessy","TE",NA,NA,NA,NA,NA,NA,NA,NA,NA
"405",2553454,NA,5,NA,NA,5,"Geoff Swaim","TE",NA,NA,NA,NA,NA,NA,NA,NA,NA
"406",2553773,NA,NA,NA,NA,5,"Mitchell Henry","TE",NA,NA,NA,NA,NA,NA,NA,NA,NA
"407",2553791,NA,NA,NA,NA,5,"E.J. Bibbs","TE",NA,NA,NA,NA,NA,NA,NA,NA,NA
"408",2553830,NA,25,NA,NA,5,"Will Tye","TE",NA,NA,NA,NA,NA,NA,NA,NA,NA
"409",2555306,NA,NA,NA,NA,5,"David Morgan","TE",NA,NA,NA,NA,NA,NA,NA,NA,NA
"410",2555311,NA,5,NA,NA,5,"Jerell Adams","TE",NA,NA,NA,NA,NA,NA,NA,NA,NA
"411",2555341,NA,14,1,NA,5,"Hunter Henry","TE",NA,NA,NA,NA,NA,NA,NA,NA,NA
"412",2555364,NA,8,NA,NA,5,"Tyler Higbee","TE",NA,NA,1,NA,NA,NA,NA,NA,NA
"413",2555415,NA,8,NA,NA,5,"Austin Hooper","TE",NA,NA,1,NA,NA,NA,NA,NA,NA
"414",2555486,NA,8,NA,NA,5,"Temarrick Hemingway","TE",NA,NA,NA,NA,NA,NA,NA,NA,NA
"415",2556463,NA,12,NA,NA,5,"Stephen Anderson","TE",NA,NA,NA,NA,NA,NA,NA,NA,NA
"416",324,3.4,37.3,0.2,0,6,"Jacob Tamme","TE",NA,0,0,0,NA,NA,NA,NA,0
"417",1060,4.1,55.5,0.3,0.1,6,"Gary Barnidge","TE",NA,0,0,0,NA,NA,NA,NA,0
"418",1062,3,31.1,0.2,0,6,"Martellus Bennett","TE",NA,0,0,0,NA,NA,NA,NA,0
"419",71255,NA,NA,NA,NA,6,"Chase Coffman","TE",NA,NA,NA,NA,NA,NA,NA,NA,NA
"420",71265,2.1,25.1,0.2,0,6,"Jared Cook","TE",NA,0,0,0,NA,NA,NA,NA,0
"421",71431,NA,NA,NA,NA,6,"Brandon Pettigrew","TE",NA,NA,NA,NA,NA,NA,NA,NA,NA
"422",71435,0,0,0,0,6,"John Phillips","TE",NA,0,0,0,NA,NA,NA,NA,0
"423",79589,0.4,4.1,0,0,6,"David Johnson","TE",NA,0,0,0,NA,NA,NA,NA,0
"424",79625,NA,NA,NA,NA,6,"Bear Pascoe","TE",NA,NA,NA,NA,NA,NA,NA,NA,NA
"425",89766,0.1,0.5,0,0,6,"Brandon Myers","TE",NA,0,0,0,NA,NA,NA,NA,0
"426",238457,2.6,33.1,0.2,0.1,6,"Zach Miller","TE",NA,0,0,0,NA,NA,NA,NA,0
"427",497224,1.3,10.4,0.1,0,6,"Ed Dickson","TE",NA,0,0,0,NA,NA,NA,NA,0
"428",497226,0.2,2,0,0,6,"Jim Dray","TE",NA,0,0,0,NA,NA,NA,NA,0
"429",497234,NA,NA,NA,NA,6,"Garrett Graham","TE",NA,NA,NA,NA,NA,NA,NA,NA,NA
"430",497236,1.7,21,0.2,0,6,"Jimmy Graham","TE",NA,0,0,0,NA,NA,NA,NA,0
"431",497238,2.2,27,0.2,0,6,"Jermaine Gresham","TE",NA,0,0,0,NA,NA,NA,NA,0
"432",497240,4.5,68.3,0.4,0,6,"Rob Gronkowski","TE",NA,0,0,0,NA,NA,NA,NA,0
"433",497242,0.1,0.9,0,0,6,"Clay Harbor","TE",NA,0,0,0,NA,NA,NA,NA,0
"434",497246,NA,NA,NA,NA,6,"Michael Hoomanawanui","TE",NA,NA,NA,NA,NA,NA,NA,NA,NA
"435",497254,2.7,30.9,0.2,0,6,"Dennis Pitta","TE",NA,0,0,0,NA,NA,NA,NA,0
"436",497258,NA,NA,NA,NA,6,"Andrew Quarless","TE",NA,NA,NA,NA,NA,NA,NA,NA,NA
"437",2495139,3.3,35.2,0.2,0,6,"Charles Clay","TE",NA,0,0,0,NA,NA,NA,NA,0
"438",2495187,3.3,32.9,0.2,0.1,6,"Lance Kendricks","TE",NA,0,0,0,NA,NA,NA,NA,0
"439",2495211,0.1,0.6,0,0,6,"Niles Paul","TE",NA,0,0,0,NA,NA,NA,NA,0
"440",2495234,0,0,0,0,6,"Luke Stocker","TE",NA,0,0,0,NA,NA,NA,NA,0
"441",2495267,2.8,31.1,0.2,0,6,"Jordan Cameron","TE",NA,0,0,0,NA,NA,NA,NA,0
"442",2495288,2.5,26.4,0.1,0,6,"Virgil Green","TE",NA,0,0,0,NA,NA,NA,NA,0
"443",2495347,0.2,2.1,0,0,6,"Lee Smith","TE",NA,0,0,0,NA,NA,NA,NA,0
"444",2495353,3.8,41.7,0.3,0,6,"Julius Thomas","TE",NA,0,0,0,NA,NA,NA,NA,0
"445",2495438,3.4,34.6,0.2,0.1,6,"Kyle Rudolph","TE",NA,0,0,0,NA,NA,NA,NA,0
"446",2495620,NA,NA,NA,NA,6,"Clark Harris","TE",NA,NA,NA,NA,NA,NA,NA,NA,NA
"447",2495700,4.3,62.1,0.5,0,6,"Greg Olsen","TE",NA,0,0,0,NA,NA,NA,NA,0
"448",2495826,1.1,11.4,0.1,0,6,"Vernon Davis","TE",NA,0,0,0,NA,NA,NA,NA,0
"449",2495835,0.5,5.3,0,0,6,"Anthony Fasano","TE",NA,0,0,0,NA,NA,NA,NA,0
"450",2495888,1.7,21.1,0.2,0,6,"Marcedes Lewis","TE",NA,0,0,0,NA,NA,NA,NA,0
"451",2495966,4.9,58.5,0.4,0,6,"Delanie Walker","TE",NA,0,0,0,NA,NA,NA,NA,0
"452",2505299,4.4,48.8,0.3,0.1,6,"Antonio Gates","TE",NA,0,0,0,NA,NA,NA,NA,0
"453",2505629,4.2,42,0.3,0,6,"Jason Witten","TE",NA,0,0,0,NA,NA,NA,NA,0
"454",2506122,NA,NA,NA,NA,6,"Benjamin Watson","TE",NA,NA,NA,NA,NA,NA,NA,NA,NA
"455",2507218,4,56.4,0.3,0,6,"Brent Celek","TE",NA,0,0,0,NA,NA,NA,NA,0
"456",2507486,0.6,5.9,0.1,0,6,"Kellen Davis","TE",NA,0,0,0,NA,NA,NA,NA,0
"457",2507828,1.1,11,0.1,0,6,"Logan Paulsen","TE",NA,0,0,0,NA,NA,NA,NA,0
"458",2507883,NA,NA,NA,NA,6,"Jeff Cumberland","TE",NA,NA,NA,NA,NA,NA,NA,NA,NA
"459",2532835,0.8,6.6,0.1,0,6,"Rhett Ellison","TE",NA,0,0,0,NA,NA,NA,NA,0
"460",2532838,4.3,47.7,0.4,0.1,6,"Coby Fleener","TE",NA,0,0,0,NA,NA,NA,NA,0
"461",2532853,NA,NA,NA,NA,6,"Ladarius Green","TE",NA,NA,NA,NA,NA,NA,NA,NA,NA
"462",2533028,NA,NA,NA,NA,6,"James Hanna","TE",NA,NA,NA,NA,NA,NA,NA,NA,NA
"463",2533046,3.2,30.5,0.1,0.1,6,"Dwayne Allen","TE",NA,0,0,0,NA,NA,NA,NA,0
"464",2533047,0.1,0.4,0,0,6,"Orson Charles","TE",NA,0,0,0,NA,NA,NA,NA,0
"465",2533353,0,0.5,0,0,6,"Cory Harkey","TE",NA,0,0,0,NA,NA,NA,NA,0
"466",2534241,NA,NA,NA,NA,6,"Derek Carrier","TE",NA,NA,NA,NA,NA,NA,NA,NA,NA
"467",2534820,1.2,13.9,0.1,0,6,"Garrett Celek","TE",NA,0,0,0,NA,NA,NA,NA,0
"468",2535138,0,0,0,0,6,"Greg Scruggs","TE",NA,0,0,0,NA,NA,NA,NA,0
"469",2535535,0,0,0,0,6,"Phillip Supernaw","TE",NA,0,0,0,NA,NA,NA,NA,0
"470",2535943,0.4,3.4,0,0,6,"Sean McGrath","TE",NA,0,0,0,NA,NA,NA,NA,0
"471",2536342,0,0.3,0,0,6,"Brandon Bostick","TE",NA,0,0,0,NA,NA,NA,NA,0
"472",2537933,3.1,29.8,0.2,0,6,"Larry Donnell","TE",NA,0,0,0,NA,NA,NA,NA,0
"473",2539202,NA,NA,NA,NA,6,"Chris Gragg","TE",NA,NA,NA,NA,NA,NA,NA,NA,NA
"474",2539645,NA,NA,NA,NA,6,"Brandon Williams","TE",NA,NA,NA,NA,NA,NA,NA,NA,NA
"475",2539995,0.9,9.2,0.1,0,6,"Mychal Rivera","TE",NA,0,0,0,NA,NA,NA,NA,0
"476",2540148,NA,NA,NA,NA,6,"Tyler Eifert","TE",NA,NA,NA,NA,NA,NA,NA,NA,NA
"477",2540158,0,0,0,0,6,"Zach Ertz","TE",NA,0,0,0,NA,NA,NA,NA,0
"478",2540160,6,63.3,0.4,0.1,6,"Jordan Reed","TE",NA,0,0,0,NA,NA,NA,NA,0
"479",2540200,0.9,8.9,0.1,0,6,"Dion Sims","TE",NA,0,0,0,NA,NA,NA,NA,0
"480",2540203,0,0.2,0,0,6,"Levine Toilolo","TE",NA,0,0,0,NA,NA,NA,NA,0
"481",2540211,0,0.1,0,0,6,"Gavin Escobar","TE",NA,0,0,0,NA,NA,NA,NA,0
"482",2540215,2.5,26.2,0.1,0,6,"Vance McDonald","TE",NA,0,0,0,NA,NA,NA,NA,0
"483",2540232,1.5,13.3,0.1,0,6,"Jack Doyle","TE",NA,0,0,0,NA,NA,NA,NA,0
"484",2540258,4.3,51.7,0.3,0,6,"Travis Kelce","TE",NA,0,0,0,NA,NA,NA,NA,0
"485",2540259,0.1,0.7,0,0,6,"MarQueis Gray","TE",NA,0,0,0,NA,NA,NA,NA,0
"486",2540928,1,12.7,0.2,0,6,"Darren Fells","TE",NA,0,0,0,NA,NA,NA,NA,0
"487",2541187,0.6,5.4,0,0,6,"Demetrius Harris","TE",NA,0,0,0,NA,NA,NA,NA,0
"488",2541199,2.9,36,0.3,0,6,"Luke Willson","TE",NA,0,0,0,NA,NA,NA,NA,0
"489",2541316,1.3,15,0.1,0,6,"Ryan Griffin","TE",NA,0,0,0,NA,NA,NA,NA,0
"490",2541768,NA,NA,NA,NA,6,"Tim Wright","TE",NA,NA,NA,NA,NA,NA,NA,NA,NA
"491",2541834,1.4,13.4,0.1,0,6,"Josh Hill","TE",NA,0,0,0,NA,NA,NA,NA,0
"492",2543466,3.5,42.1,0.2,0.1,6,"Eric Ebron","TE",NA,0,0,0,NA,NA,NA,NA,0
"493",2543481,0,0.4,0,0,6,"Jace Amaro","TE",NA,0,0,0,NA,NA,NA,NA,0
"494",2543628,0,0.2,0,0,6,"Troy Niklas","TE",NA,0,0,0,NA,NA,NA,NA,0
"495",2543683,2,28,0.2,0,6,"Austin Seferian-Jenkins","TE",NA,0,0,0,NA,NA,NA,NA,0
"496",2543721,1.5,14.1,0.1,0,6,"C.J. Fiedorowicz","TE",NA,0,0,0,NA,NA,NA,NA,0
"497",2543794,1.6,20.6,0.2,0,6,"Crockett Gillmore","TE",NA,0,0,0,NA,NA,NA,NA,0
"498",2550243,0,0,0,0,6,"Justin Perillo","TE",NA,0,0,0,NA,NA,NA,NA,0
"499",2550284,0,0.1,0,0,6,"Trey Burton","TE",NA,0,0,0,NA,NA,NA,NA,0
"500",2550313,3,29.4,0.2,0,6,"Richard Rodgers","TE",NA,0,0,0,NA,NA,NA,NA,0
"501",2550356,NA,NA,NA,NA,6,"Marcel Jensen","TE",NA,NA,NA,NA,NA,NA,NA,NA,NA
"502",2550405,0.2,1.9,0,0,6,"Erik Swoope","TE",NA,0,0,0,NA,NA,NA,NA,0
"503",2550521,0.1,0.6,0,0,6,"Xavier Grimble","TE",NA,0,0,0,NA,NA,NA,NA,0
"504",2550656,1.4,14.5,0.1,0,6,"Cameron Brate","TE",NA,0,0,0,NA,NA,NA,NA,0
"505",2552396,0,0.2,0,0,6,"Ben Koyack","TE",NA,0,0,0,NA,NA,NA,NA,0
"506",2552397,2.5,31.5,0.2,0,6,"Clive Walford","TE",NA,0,0,0,NA,NA,NA,NA,0
"507",2552399,0.5,4.8,0,0,6,"Jeff Heuerman","TE",NA,0,0,0,NA,NA,NA,NA,0
"508",2552401,0,0,0,0,6,"MyCole Pruitt","TE",NA,0,0,0,NA,NA,NA,NA,0
"509",2552402,NA,NA,NA,NA,6,"Nick Boyle","TE",NA,NA,NA,NA,NA,NA,NA,NA,NA
"510",2552403,0,0.2,0,0,6,"Nick OLeary","TE",NA,0,0,0,NA,NA,NA,NA,0
"511",2552468,0.5,5.6,0.1,0,6,"Maxx Williams","TE",NA,0,0,0,NA,NA,NA,NA,0
"512",2552478,0.1,0.7,0,0,6,"Blake Bell","TE",NA,0,0,0,NA,NA,NA,NA,0
"513",2552559,2.6,27.5,0.2,0,6,"C.J. Uzomah","TE",NA,0,0,0,NA,NA,NA,NA,0
"514",2552586,0.9,11.7,0.1,0,6,"Tyler Kroft","TE",NA,0,0,0,NA,NA,NA,NA,0
"515",2552633,1.4,13.2,0.1,0,6,"Jesse James","TE",NA,0,0,0,NA,NA,NA,NA,0
"516",2552660,0.8,7.8,0,0,6,"Randall Telfer","TE",NA,0,0,0,NA,NA,NA,NA,0
"517",2553318,0,0,0,0,6,"James OShaughnessy","TE",NA,0,0,0,NA,NA,NA,NA,0
"518",2553454,0.9,8.4,0.1,0,6,"Geoff Swaim","TE",NA,0,0,0,NA,NA,NA,NA,0
"519",2553552,0,0,0,0,6,"Khari Lee","TE",NA,0,0,0,NA,NA,NA,NA,0
"520",2553658,NA,NA,NA,NA,6,"Gabe Holmes","TE",NA,NA,NA,NA,NA,NA,NA,NA,NA
"521",2553667,NA,NA,NA,NA,6,"Matt LaCosse","TE",NA,NA,NA,NA,NA,NA,NA,NA,NA
"522",2553830,2.9,33.2,0.3,0,6,"Will Tye","TE",NA,0,0,0,NA,NA,NA,NA,0
"523",2555289,0,0.4,0,0,6,"Nick Vannett","TE",NA,0,0,0,NA,NA,NA,NA,0
"524",2555306,0,0.3,0,0,6,"David Morgan","TE",NA,0,0,0,NA,NA,NA,NA,0
"525",2555311,0,0.1,0,0,6,"Jerell Adams","TE",NA,0,0,0,NA,NA,NA,NA,0
"526",2555341,2.7,27.8,0.2,0,6,"Hunter Henry","TE",NA,0,0,0,NA,NA,NA,NA,0
"527",2555364,1.3,12.3,0.1,0,6,"Tyler Higbee","TE",NA,0,0,0,NA,NA,NA,NA,0
"528",2555415,1.1,11.5,0.1,0,6,"Austin Hooper","TE",NA,0,0,0,NA,NA,NA,NA,0
"529",2555486,NA,NA,NA,NA,6,"Temarrick Hemingway","TE",NA,NA,NA,NA,NA,NA,NA,NA,NA
"530",2556463,0.1,0.8,0,0,6,"Stephen Anderson","TE",NA,0,0,0,NA,NA,NA,NA,0
"531",2556708,0.3,2.9,0,0,6,"Cole Wick","TE",NA,0,0,0,NA,NA,NA,NA,0
"532",324,3,31.7,0,0,18,"Jacob Tamme","TE",NA,NA,0,0,NA,NA,0,NA,NA
"533",1060,5,64.5,0.5,0,18,"Gary Barnidge","TE",NA,NA,0,0,NA,NA,0,NA,NA
"534",1062,5.1,60.4,0.4,0,18,"Martellus Bennett","TE",NA,NA,0,0,NA,NA,0.1,NA,NA
"535",71265,3.3,34.5,0.2,0,18,"Jared Cook","TE",NA,NA,0.2,0,NA,NA,0,NA,NA
"536",71431,0.7,7.5,0.1,0,18,"Brandon Pettigrew","TE",NA,NA,0,0,NA,NA,0,NA,NA
"537",71435,0.2,1.9,0,0,18,"John Phillips","TE",NA,NA,0,0,NA,NA,0.2,NA,NA
"538",79589,0.1,0.6,0,0,18,"David Johnson","TE",NA,NA,0.2,0,NA,NA,0,NA,NA
"539",238457,3.6,39.2,0.3,0,18,"Zach Miller","TE",NA,NA,0,0,NA,NA,0,NA,NA
"540",497224,1,10.9,0.1,0,18,"Ed Dickson","TE",NA,NA,0,0,NA,NA,0.1,NA,NA
"541",497226,0.3,4,0,0,18,"Jim Dray","TE",NA,NA,0,0,NA,NA,0,NA,NA
"542",497236,2.6,31.2,0.2,0,18,"Jimmy Graham","TE",NA,NA,0,0,NA,NA,0,NA,NA
"543",497238,0.9,11.9,0.1,0,18,"Jermaine Gresham","TE",NA,NA,0,0,NA,NA,0,NA,NA
"544",497250,1,10.8,0.1,0,18,"Anthony McCoy","TE",NA,NA,0,0,NA,NA,0,NA,NA
"545",497254,0.5,3.6,0,0,18,"Dennis Pitta","TE",NA,NA,0,0,NA,NA,1,NA,NA
"546",2495139,4.4,46.8,0.2,0,18,"Charles Clay","TE",NA,NA,0,0,NA,NA,0,NA,NA
"547",2495187,2.5,28.2,0.1,0,18,"Lance Kendricks","TE",NA,NA,0,0,NA,NA,0,NA,NA
"548",2495211,1,10.3,0,0,18,"Niles Paul","TE",NA,NA,0,0,NA,NA,1.1,NA,NA
"549",2495234,0.4,2.3,0,0,18,"Luke Stocker","TE",NA,NA,0,0,NA,NA,0,NA,NA
"550",2495267,3.1,32.7,0.2,0,18,"Jordan Cameron","TE",NA,NA,0,0,NA,NA,0,NA,NA
"551",2495288,2.4,28.1,0.3,0,18,"Virgil Green","TE",NA,NA,0,0,NA,NA,0.2,NA,NA
"552",2495347,1.4,12.5,0.1,0,18,"Lee Smith","TE",NA,NA,0,0,NA,NA,0,NA,NA
"553",2495353,4.5,44.8,0.5,0,18,"Julius Thomas","TE",NA,NA,0,0,NA,NA,0,NA,NA
"554",2495438,2.8,30,0.2,0,18,"Kyle Rudolph","TE",NA,NA,0,0,NA,NA,0.2,NA,NA
"555",2495700,4.6,61.4,0.3,0,18,"Greg Olsen","TE",NA,NA,0,0,NA,NA,0,NA,NA
"556",2495826,1.4,14.2,0,0,18,"Vernon Davis","TE",NA,NA,0,0,NA,NA,0,NA,NA
"557",2495835,0.9,9.6,0.1,0,18,"Anthony Fasano","TE",NA,NA,0,0,NA,NA,0,NA,NA
"558",2495888,1,13.7,0,0,18,"Marcedes Lewis","TE",NA,NA,0,0,NA,NA,0,NA,NA
"559",2495966,4.2,51.6,0.3,0,18,"Delanie Walker","TE",NA,NA,0.3,0,NA,NA,0,NA,NA
"560",2505299,3.7,40.6,0.4,0,18,"Antonio Gates","TE",NA,NA,0,0,NA,NA,0,NA,NA
"561",2505629,4.8,46.4,0.3,0,18,"Jason Witten","TE",NA,NA,0,0,NA,NA,0,NA,NA
"562",2506619,0.6,6.2,0,0,18,"Daniel Fells","TE",NA,NA,0,0,NA,NA,0,NA,NA
"563",2507218,1.8,25,0.1,0,18,"Brent Celek","TE",NA,NA,0,0,NA,NA,0,NA,NA
"564",2507486,0.3,3.1,0.1,0,18,"Kellen Davis","TE",NA,NA,0,0,NA,NA,2,NA,NA
"565",2532835,0.8,8.7,0,0,18,"Rhett Ellison","TE",NA,NA,0,0,NA,NA,0.1,NA,NA
"566",2532838,4.3,41.4,0.4,0,18,"Coby Fleener","TE",NA,NA,0,0,NA,NA,0,NA,NA
"567",2533046,1.9,17.1,0.2,0,18,"Dwayne Allen","TE",NA,NA,0,0,NA,NA,0,NA,NA
"568",2534820,1.4,15.7,0.1,0,18,"Garrett Celek","TE",NA,NA,0,0,NA,NA,0,NA,NA
"569",2535138,0.5,4.7,0,0,18,"Greg Scruggs","TE",NA,NA,0,0,NA,NA,0,NA,NA
"570",2535535,0.6,6.4,0,0.1,18,"Phillip Supernaw","TE",NA,NA,0,0,NA,NA,0,NA,NA
"571",2536342,0.3,2.4,0,0,18,"Brandon Bostick","TE",NA,NA,0,0,NA,NA,1.8,NA,NA
"572",2537933,3.5,34.8,0.3,0.2,18,"Larry Donnell","TE",NA,NA,0,0,NA,NA,0,NA,NA
"573",2540158,4.1,47.9,0.2,0.1,18,"Zach Ertz","TE",NA,NA,0,0,NA,NA,0.5,NA,NA
"574",2540160,4,45.4,0.5,0.1,18,"Jordan Reed","TE",NA,NA,0,0,NA,NA,-0.1,NA,NA
"575",2540200,1.5,14.5,0.1,0.1,18,"Dion Sims","TE",NA,NA,0,0,NA,NA,0,NA,NA
"576",2540203,0.6,3.6,0,0,18,"Levine Toilolo","TE",NA,NA,0,0,NA,NA,0,NA,NA
"577",2540211,0.6,5.3,0.1,0,18,"Gavin Escobar","TE",NA,NA,0,0,NA,NA,0,NA,NA
"578",2540215,2.8,32.5,0.3,0,18,"Vance McDonald","TE",NA,NA,0.1,0,NA,NA,0,NA,NA
"579",2540232,2.1,15.1,0.1,0,18,"Jack Doyle","TE",NA,NA,0,0,NA,NA,0.4,NA,NA
"580",2540258,4.4,51.8,0.4,0.2,18,"Travis Kelce","TE",NA,NA,0,0,NA,NA,0,NA,NA
"581",2540928,1.7,24.5,0.3,0,18,"Darren Fells","TE",NA,NA,0,0,NA,NA,0,NA,NA
"582",2541187,0.9,9.7,0,0,18,"Demetrius Harris","TE",NA,NA,0,0,NA,NA,0,NA,NA
"583",2541199,1.3,17.3,0.1,0,18,"Luke Willson","TE",NA,NA,0,0,NA,NA,0,NA,NA
"584",2541316,2.1,22.8,0.2,0,18,"Ryan Griffin","TE",NA,NA,0,0,NA,NA,0,NA,NA
"585",2541834,0.9,7.3,0.1,0,18,"Josh Hill","TE",NA,NA,0,0,NA,NA,0,NA,NA
"586",2543466,2.2,23.3,0.2,0,18,"Eric Ebron","TE",NA,NA,0,0,NA,NA,0,NA,NA
"587",2543628,0.2,2.1,0,0,18,"Troy Niklas","TE",NA,NA,0,0,NA,NA,0,NA,NA
"588",2543683,3,36,0.1,0,18,"Austin Seferian-Jenkins","TE",NA,NA,0,0,NA,NA,0,NA,NA
"589",2543721,0.9,7.9,0,0,18,"C.J. Fiedorowicz","TE",NA,NA,0,0,NA,NA,0,NA,NA
"590",2543794,3.2,34.8,0.3,0,18,"Crockett Gillmore","TE",NA,NA,0,0,NA,NA,0,NA,NA
"591",2550243,0.4,3.3,0,0,18,"Justin Perillo","TE",NA,NA,0,0,NA,NA,0,NA,NA
"592",2550313,3.3,24.4,0.4,0,18,"Richard Rodgers","TE",NA,NA,0,0,NA,NA,0,NA,NA
"593",2550405,0.2,1.6,0,0,18,"Erik Swoope","TE",NA,NA,0,0,NA,NA,0.7,NA,NA
"594",2550656,3,38,0.2,0,18,"Cameron Brate","TE",NA,NA,0,0,NA,NA,0,NA,NA
"595",2552396,0.2,1.8,0,0,18,"Ben Koyack","TE",NA,NA,0,0,NA,NA,0,NA,NA
"596",2552397,3.1,35.1,0.3,0,18,"Clive Walford","TE",NA,NA,0,0,NA,NA,0,NA,NA
"597",2552399,0.8,7.5,0,0,18,"Jeff Heuerman","TE",NA,NA,0.1,0,NA,NA,0,NA,NA
"598",2552403,0,0.3,0,0,18,"Nick OLeary","TE",NA,NA,0,0,NA,NA,0,NA,NA
"599",2552468,1.5,13,0,0,18,"Maxx Williams","TE",NA,NA,0,0,NA,NA,0.5,NA,NA
"600",2552478,0.9,11.3,0,0,18,"Blake Bell","TE",NA,NA,0,0,NA,NA,0,NA,NA
"601",2552559,0.1,1.2,0,0,18,"C.J. Uzomah","TE",NA,NA,0,0,NA,NA,0,NA,NA
"602",2552580,0.6,6.1,0.1,0,18,"A.J. Derby","TE",NA,NA,0,0,NA,NA,0,NA,NA
"603",2552586,2.3,23.8,0.4,0,18,"Tyler Kroft","TE",NA,NA,0,0,NA,NA,0,NA,NA
"604",2552633,3.3,32.8,0.3,0,18,"Jesse James","TE",NA,NA,0.1,0,NA,NA,0,NA,NA
"605",2552660,0.7,7.9,0,0,18,"Randall Telfer","TE",NA,NA,0,0,NA,NA,0,NA,NA
"606",2553318,0.2,2.6,0,0,18,"James OShaughnessy","TE",NA,NA,0,0,NA,NA,0,NA,NA
"607",2553830,2.5,27.7,0.1,0,18,"Will Tye","TE",NA,NA,0,0,NA,NA,0,NA,NA
"608",2555341,1.2,10.3,0.1,0,18,"Hunter Henry","TE",NA,NA,0.1,0,NA,NA,0.1,NA,NA
"609",2555364,2.3,21.8,0.1,0,18,"Tyler Higbee","TE",NA,NA,0,0,NA,NA,0,NA,NA
"610",2555486,0.1,0.5,0,0,18,"Temarrick Hemingway","TE",NA,NA,0,0,NA,NA,0,NA,NA
"611",2556708,0.6,5.3,0,0,18,"Cole Wick","TE",NA,NA,0,0,NA,NA,0,NA,NA
"612",1060,1,6,0,0,19,"Gary Barnidge","TE",NA,0,0,0,NA,NA,NA,NA,NA
"613",71431,4,38,0,0,19,"Brandon Pettigrew","TE",NA,0,0,0,NA,NA,NA,NA,NA
"614",2495234,2,17,0,0,19,"Luke Stocker","TE",NA,0,0,0,NA,NA,NA,NA,NA
"615",2495438,3,35,1,0,19,"Kyle Rudolph","TE",NA,0,0,0,NA,NA,NA,NA,NA
"616",2495700,4,53,1,0,19,"Greg Olsen","TE",NA,0,0,0,NA,NA,NA,NA,NA
"617",2495888,0,1,0,0,19,"Marcedes Lewis","TE",NA,0,0,0,NA,NA,NA,NA,NA
"618",2495966,2,24,0,0,19,"Delanie Walker","TE",NA,0,0,0,NA,NA,NA,NA,NA
"619",2505299,3,41,1,0,19,"Antonio Gates","TE",NA,0,0,0,NA,NA,NA,NA,NA
"620",2505629,6,62,1,0,19,"Jason Witten","TE",NA,0,0,0,NA,NA,NA,NA,NA
"621",2507218,3,38,0,0,19,"Brent Celek","TE",NA,0,0,0,NA,NA,NA,NA,NA
"622",2533046,4,41,0,0,19,"Dwayne Allen","TE",NA,0,0,0,NA,NA,NA,NA,NA
"623",2539995,1,14,0,0,19,"Mychal Rivera","TE",NA,0,0,0,NA,NA,NA,NA,NA
"624",2540148,3,36,0,0,19,"Tyler Eifert","TE",NA,0,0,0,NA,NA,NA,NA,NA
"625",2540158,2,22,0,0,19,"Zach Ertz","TE",NA,0,0,0,NA,NA,NA,NA,NA
"626",2540160,2,19,0,0,19,"Jordan Reed","TE",NA,0,0,0,NA,NA,NA,NA,NA
"627",2540211,1,12,0,0,19,"Gavin Escobar","TE",NA,0,0,0,NA,NA,NA,NA,NA
"628",2540215,1,21,0,0,19,"Vance McDonald","TE",NA,0,0,0,NA,NA,NA,NA,NA
"629",2540258,2,25,0,0,19,"Travis Kelce","TE",NA,0,0,0,NA,NA,NA,NA,NA
"630",2541199,0,4,0,0,19,"Luke Willson","TE",NA,0,0,0,NA,NA,NA,NA,NA
"631",2541834,0,0,0,0,19,"Josh Hill","TE",NA,0,0,0,NA,NA,NA,NA,NA
"632",2550206,0.7,5.6,0,NA,4,"Ryan Hewitt","TE",NA,0,0,0,NA,NA,NA,NA,NA
