"","playerId","rushAtt","rushYds","rushTds","rec","recYds","recTds","fumbles","analyst","player","position","games","rush40","rec40","returnYds","returnTds","twoPts"
"1",230,0.2,0.7,0,0.1,0.8,0,0,-1,"Jerome Felton","RB",NA,NA,NA,NA,NA,NA
"2",234,17.8,78,0.5,3,26.6,0.1,0.1,-1,"Matt Forte","RB",NA,NA,NA,NA,NA,NA
"3",262,6.5,25.9,0.2,1,7.5,0,0.2,-1,"Chris Johnson","RB",NA,NA,NA,NA,NA,NA
"4",925,5.3,24.9,0.3,2.4,21.2,0.3,0.2,-1,"Jamaal Charles","RB",NA,NA,NA,NA,NA,NA
"5",927,12.1,45.6,0.4,2,9.8,0,0.1,-1,"Justin Forsett","RB",NA,NA,NA,NA,NA,NA
"6",4383,3.6,14.5,0.4,1.3,10.5,0.1,0.1,-1,"Tim Hightower","RB",NA,NA,NA,NA,NA,NA
"7",71345,11.9,50.9,0.3,2,18.6,0.1,0.2,-1,"Rashad Jennings","RB",NA,NA,NA,NA,NA,NA
"8",79607,16.6,66.7,0.3,2.5,16.6,0.1,0.2,-1,"LeSean McCoy","RB",NA,NA,NA,NA,NA,NA
"9",89798,0,0,0,0,0,0,0,-1,"Antone Smith","RB",NA,NA,NA,NA,NA,NA
"10",497145,0,0,0,0,0,0,0,-1,"Joique Bell","RB",NA,NA,NA,NA,NA,NA
"11",497149,20.3,76.8,0.5,1,6.6,0,0.2,-1,"LeGarrette Blount","RB",NA,NA,NA,NA,NA,NA
"12",497188,12.3,48.1,0.4,1.4,9.7,0.1,0.3,-1,"Ryan Mathews","RB",NA,NA,NA,NA,NA,NA
"13",497190,3,11.8,0.1,2.8,21.2,0.1,0.1,-1,"Dexter McCluster","RB",NA,NA,NA,NA,NA,NA
"14",497204,0,0,0,0,0,0,0,-1,"C.J. Spiller","RB",NA,NA,NA,NA,NA,NA
"15",497206,7.4,30.3,0.2,1.6,13.3,0.1,0.1,-1,"James Starks","RB",NA,NA,NA,NA,NA,NA
"16",2495207,12,55,0.4,2.2,17.1,0.1,0.3,-1,"DeMarco Murray","RB",NA,NA,NA,NA,NA,NA
"17",2495258,10.9,40.6,0.3,1.4,9.1,0,0.1,-1,"Matt Asiata","RB",NA,NA,NA,NA,NA,NA
"18",2495328,6,24.3,0.1,1.3,9.6,0,0,-1,"Bilal Powell","RB",NA,NA,NA,NA,NA,NA
"19",2495340,0,0,0,0.1,1.2,0,0,-1,"Anthony Sherman","RB",NA,NA,NA,NA,NA,NA
"20",2495461,7,20.9,0.1,1.1,6.7,0,0.1,-1,"Shaun Draughn","RB",NA,NA,NA,NA,NA,NA
"21",2495466,13.9,60.1,0.5,3.8,27.3,0.1,0.1,-1,"Mark Ingram","RB",NA,NA,NA,NA,NA,NA
"22",2495467,1.8,6.9,0.1,0.9,8.5,0.1,0.1,-1,"Taiwan Jones","RB",NA,NA,NA,NA,NA,NA
"23",2495470,0,0,0,0,0,0,0,-1,"Stevan Ridley","RB",NA,NA,NA,NA,NA,NA
"24",2495471,4.4,17.5,0.1,1.7,12.8,0.1,0.1,-1,"Jacquizz Rodgers","RB",NA,NA,NA,NA,NA,NA
"25",2495472,0.3,1.8,0,0.1,0.8,0,0,-1,"Jordan Todman","RB",NA,NA,NA,NA,NA,NA
"26",2495473,5.7,25.4,0.1,3.9,33,0.2,0.2,-1,"Shane Vereen","RB",NA,NA,NA,NA,NA,NA
"27",2495979,18.2,81.9,0.8,1.4,13,0.1,0.1,-1,"DeAngelo Williams","RB",NA,NA,NA,NA,NA,NA
"28",2506147,0,0,0,0,0,0,0,-1,"John Kuhn","RB",NA,NA,NA,NA,NA,NA
"29",2506404,13.3,65.1,0.4,2.3,17.5,0.2,0.2,-1,"Frank Gore","RB",NA,NA,NA,NA,NA,NA
"30",2506467,4.8,16.4,0.1,2.9,20.9,0,0.1,-1,"Darren Sproles","RB",NA,NA,NA,NA,NA,NA
"31",2506874,0.6,2,0,0.2,1.2,0,0,-1,"Reggie Bush","RB",NA,NA,NA,NA,NA,NA
"32",2507428,4.4,14.7,0,0.9,7.1,0.1,0.1,-1,"Mike Tolbert","RB",NA,NA,NA,NA,NA,NA
"33",2507999,10,42.3,0.3,1.9,13,0.1,0.1,-1,"Chris Ivory","RB",NA,NA,NA,NA,NA,NA
"34",2508101,0.1,0.3,0,0.2,1.3,0,0,-1,"James Develin","RB",NA,NA,NA,NA,NA,NA
"35",2530690,0,0,0,0,0,0,0,-1,"DuJuan Harris","RB",NA,NA,NA,NA,NA,NA
"36",2530763,0,0,0,0.3,2.6,0,0,-1,"Patrick DiMarco","RB",NA,NA,NA,NA,NA,NA
"37",2531218,0,0,0,0,0,0,0,-1,"Chase Reynolds","RB",NA,NA,NA,NA,NA,NA
"38",2532797,2.9,9.6,0.1,1.2,8.8,0.1,0.1,-1,"Brandon Bolden","RB",NA,NA,NA,NA,NA,NA
"39",2532864,0,0,0,0,0,0,0,-1,"Dan Herron","RB",NA,NA,NA,NA,NA,NA
"40",2532899,8,34.6,0.2,1.9,13.9,0,0.3,-1,"Doug Martin","RB",NA,NA,NA,NA,NA,NA
"41",2532926,0.5,1.8,0,0.1,0.4,0,0,-1,"Isaiah Pead","RB",NA,NA,NA,NA,NA,NA
"42",2533032,0,0,0,0,0,0,0,-1,"Trent Richardson","RB",NA,NA,NA,NA,NA,NA
"43",2533034,17.5,69.2,0.4,2.7,20.8,0.1,0.2,-1,"Lamar Miller","RB",NA,NA,NA,NA,NA,NA
"44",2533437,0,0,0,0,0,0,0,-1,"Ronnie Hillman","RB",NA,NA,NA,NA,NA,NA
"45",2533457,5.5,25.3,0.2,0.5,3.5,0,0.1,-1,"Alfred Morris","RB",NA,NA,NA,NA,NA,NA
"46",2533460,4.7,21,0.2,1.3,8.8,0.1,0.1,-1,"Robert Turbin","RB",NA,NA,NA,NA,NA,NA
"47",2534437,0,0,0,0,0,0,0,-1,"Austin Johnson","RB",NA,NA,NA,NA,NA,NA
"48",2534571,0.4,1.5,0,0.2,1.4,0,0,-1,"Bobby Rainey","RB",NA,NA,NA,NA,NA,NA
"49",2534770,0.3,1.3,0,0.2,1.5,0,0,-1,"Jonathan Grimes","RB",NA,NA,NA,NA,NA,NA
"50",2534789,0.5,2,0,0.1,0.9,0,0,-1,"Daryl Richardson","RB",NA,NA,NA,NA,NA,NA
"51",2535696,0,0,0,0,0,0,0,-1,"Joe Banyard","RB",NA,NA,NA,NA,NA,NA
"52",2535708,2.3,9.4,0.1,2,21.9,0,0.1,-1,"Lance Dunbar","RB",NA,NA,NA,NA,NA,NA
"53",2535890,3.7,13.9,0.1,3.2,28.4,0.3,0.1,-1,"Travaris Cadet","RB",NA,NA,NA,NA,NA,NA
"54",2536044,1.4,6.3,0.2,0.6,6.7,0,0,-1,"Jamize Olawale","RB",NA,NA,NA,NA,NA,NA
"55",2539217,2.2,10.4,0.1,1.3,10.7,0,0.1,-1,"Andre Ellington","RB",NA,NA,NA,NA,NA,NA
"56",2539260,0.9,3.9,0,0.2,1.3,0,0,-1,"Denard Robinson","RB",NA,NA,NA,NA,NA,NA
"57",2539265,0.1,0.2,0,0.1,0.7,0,0,-1,"Rex Burkhead","RB",NA,NA,NA,NA,NA,NA
"58",2539289,2.9,11.5,0.1,0.6,3.8,0,0.2,-1,"Kenjon Barner","RB",NA,NA,NA,NA,NA,NA
"59",2539303,0.1,0.2,0,0.2,1.7,0,0,-1,"Zach Line","RB",NA,NA,NA,NA,NA,NA
"60",2539315,0,0,0,0,0,0,0,-1,"Stepfan Taylor","RB",NA,NA,NA,NA,NA,NA
"61",2539322,10.3,53.6,0.2,1.2,9.1,0.1,0.2,-1,"Christine Michael","RB",NA,NA,NA,NA,NA,NA
"62",2539663,5.2,22.9,0.2,1.2,7,0.2,0.2,-1,"Mike Gillislee","RB",NA,NA,NA,NA,NA,NA
"63",2539980,0,0,0,0,0,0,0,-1,"Kerwynn Williams","RB",NA,NA,NA,NA,NA,NA
"64",2540011,7.5,30.2,0.2,3.4,29.2,0.1,0.1,-1,"Chris Thompson","RB",NA,NA,NA,NA,NA,NA
"65",2540020,9.9,35.1,0.2,4.9,45.1,0.2,0.1,-1,"Theo Riddick","RB",NA,NA,NA,NA,NA,NA
"66",2540037,14.2,58.8,0.3,1.3,10.1,0.1,0.1,-1,"Fozzy Whittaker","RB",NA,NA,NA,NA,NA,NA
"67",2540156,9,33.2,0.2,3.2,25.6,0.1,0.2,-1,"Giovani Bernard","RB",NA,NA,NA,NA,NA,NA
"68",2540168,15.2,69.2,0.4,1.6,15.1,0.1,0.2,-1,"Eddie Lacy","RB",NA,NA,NA,NA,NA,NA
"69",2540178,0.7,2.3,0,0.1,0.8,0,0,-1,"Knile Davis","RB",NA,NA,NA,NA,NA,NA
"70",2540204,10.2,40.5,0.4,1.9,32.8,0.1,0.2,-1,"Spencer Ware","RB",NA,NA,NA,NA,NA,NA
"71",2540225,0,0,0,0,0,0,0,-1,"Tommy Bohanon","RB",NA,NA,NA,NA,NA,NA
"72",2540230,0.2,0.3,0,1.4,10.9,0.1,0,-1,"Kyle Juszczyk","RB",NA,NA,NA,NA,NA,NA
"73",2540269,14.7,64.6,0.3,2.3,16.3,0.1,0.1,-1,"C.J. Anderson","RB",NA,NA,NA,NA,NA,NA
"74",2541161,12,50.7,0.5,2.3,15.3,0.1,0.1,-1,"Latavius Murray","RB",NA,NA,NA,NA,NA,NA
"75",2541544,4.4,13.7,0.1,1.8,14.7,0,0.1,-1,"Benny Cunningham","RB",NA,NA,NA,NA,NA,NA
"76",2541910,0,0,0,0,0,0,0,-1,"George Winn","RB",NA,NA,NA,NA,NA,NA
"77",2542022,0,0,0,0,0,0,0,-1,"Khiry Robinson","RB",NA,NA,NA,NA,NA,NA
"78",2543551,4.2,15.2,0.1,1,6,0.1,0.1,-1,"KaDeem Carey","RB",NA,NA,NA,NA,NA,NA
"79",2543565,1.1,4.4,0,0,0.1,0,0,-1,"Andre Williams","RB",NA,NA,NA,NA,NA,NA
"80",2543583,11.5,54.7,0.4,3.9,30.7,0.1,0.2,-1,"Devonta Freeman","RB",NA,NA,NA,NA,NA,NA
"81",2543596,0,0,0,0,0,0,0,-1,"Dri Archer","RB",NA,NA,NA,NA,NA,NA
"82",2543600,3.1,11.9,0.1,0.9,6.2,0,0.1,-1,"Alfred Blue","RB",NA,NA,NA,NA,NA,NA
"83",2543603,13.2,45.2,0.5,1.2,8,0,0.2,-1,"Jeremy Hill","RB",NA,NA,NA,NA,NA,NA
"84",2543664,10.8,39.9,0.3,1.3,8.3,0.1,0.1,-1,"Terrance West","RB",NA,NA,NA,NA,NA,NA
"85",2543682,0,0,0,0,0,0,0,-1,"Bishop Sankey","RB",NA,NA,NA,NA,NA,NA
"86",2543695,0.7,3,0,0,0.7,0,0,-1,"Jay Prosch","RB",NA,NA,NA,NA,NA,NA
"87",2543715,15.7,58.5,0.4,1.7,10,0.1,0.1,-1,"Jerick McKinnon","RB",NA,NA,NA,NA,NA,NA
"88",2543743,14.5,44.1,0.3,1.5,6.1,0,0.2,-1,"Carlos Hyde","RB",NA,NA,NA,NA,NA,NA
"89",2543770,7.8,33.1,0.1,3.7,35.2,0.3,0.2,-1,"Charles Sims","RB",NA,NA,NA,NA,NA,NA
"90",2543773,5.2,17.3,0.1,2.6,22.9,0.2,0.1,-1,"James White","RB",NA,NA,NA,NA,NA,NA
"91",2550189,16.3,67.6,0.4,0.9,8.5,0,0.1,-1,"Isaiah Crowell","RB",NA,NA,NA,NA,NA,NA
"92",2550235,0,0.1,0,0.1,0.6,0,0,-1,"Roosevelt Nix","RB",NA,NA,NA,NA,NA,NA
"93",2550263,0,0,0,0,0,0,0,-1,"Juwan Thompson","RB",NA,NA,NA,NA,NA,NA
"94",2550268,5.3,22.6,0.2,1.6,12.9,0.1,0.1,-1,"Charcandrick West","RB",NA,NA,NA,NA,NA,NA
"95",2550474,1.6,6.5,0,0.2,1.9,0,0,-1,"Antonio Andrews","RB",NA,NA,NA,NA,NA,NA
"96",2550481,4.2,15.7,0.1,1.3,9,0.1,0.1,-1,"Orleans Darkwa","RB",NA,NA,NA,NA,NA,NA
"97",2550512,3.9,16.9,0.1,1.5,15.3,0.1,0.1,-1,"Damien Williams","RB",NA,NA,NA,NA,NA,NA
"98",2550540,0,0,0,0,0,0,0,-1,"George Atkinson","RB",NA,NA,NA,NA,NA,NA
"99",2550738,3,12.5,0.1,1.5,12.5,0.1,0.2,-1,"Fitzgerald Toussaint","RB",NA,NA,NA,NA,NA,NA
"100",2552375,7.8,35,0.2,1.4,11.4,0.1,0.1,-1,"Cameron Artis-Payne","RB",NA,NA,NA,NA,NA,NA
"101",2552376,0,0,0,0,0,0,0,-1,"David Cobb","RB",NA,NA,NA,NA,NA,NA
"102",2552379,11.8,45.5,0.3,1.6,14.9,0.1,0.1,-1,"Jeremy Langford","RB",NA,NA,NA,NA,NA,NA
"103",2552453,8.3,40.5,0.4,1.9,28.8,0.1,0.3,-1,"Tevin Coleman","RB",NA,NA,NA,NA,NA,NA
"104",2552461,9.6,36.8,0.1,2.8,25.4,0.1,0.1,-1,"Duke Johnson","RB",NA,NA,NA,NA,NA,NA
"105",2552464,0.2,0.3,0,0.1,0.8,0,0,-1,"Jalston Fowler","RB",NA,NA,NA,NA,NA,NA
"106",2552469,15.8,62.2,0.6,2.1,12.2,0.1,0.2,-1,"Melvin Gordon","RB",NA,NA,NA,NA,NA,NA
"107",2552471,9.6,38.9,0.3,3.3,18.1,0,0.1,-1,"T.J. Yeldon","RB",NA,NA,NA,NA,NA,NA
"108",2552475,17,60.9,0.5,1.9,16.3,0,0.1,-1,"Todd Gurley","RB",NA,NA,NA,NA,NA,NA
"109",2552477,0.1,0.2,0,0.1,0.7,0,0,-1,"Aaron Ripkowski","RB",NA,NA,NA,NA,NA,NA
"110",2552582,8.9,40.7,0.2,1.6,17.3,0.1,0.2,-1,"Jay Ajayi","RB",NA,NA,NA,NA,NA,NA
"111",2552631,1.4,5,0,0.3,2.3,0,0,-1,"Javorius Allen","RB",NA,NA,NA,NA,NA,NA
"112",2552634,0,0,0,0,0,0,0,-1,"Joey Iosefa","RB",NA,NA,NA,NA,NA,NA
"113",2552635,14.1,57.3,0.2,1.2,16.9,0.1,0.3,-1,"Matt Jones","RB",NA,NA,NA,NA,NA,NA
"114",2552636,0.1,0,0,0.1,1,0,0,-1,"Michael Burton","RB",NA,NA,NA,NA,NA,NA
"115",2552647,0.3,1.2,0,0.1,0.7,0,0,-1,"Marcus Murphy","RB",NA,NA,NA,NA,NA,NA
"116",2553435,15.9,67.2,0.5,3.8,47.9,0.2,0.1,-1,"David Johnson","RB",NA,NA,NA,NA,NA,NA
"117",2553439,0.6,1,0,0.1,0.8,0,0,-1,"Mike Davis","RB",NA,NA,NA,NA,NA,NA
"118",2553446,0.1,0.2,0,0.2,0.8,0,0,-1,"Malcolm Johnson","RB",NA,NA,NA,NA,NA,NA
"119",2553618,0,0,0,0,0,0,0,-1,"Brandon Wegher","RB",NA,NA,NA,NA,NA,NA
"120",2553631,0.3,1,0,0,0.2,0,0,-1,"Zach Zenner","RB",NA,NA,NA,NA,NA,NA
"121",2553650,0.3,0.5,0,0.1,0.9,0,0,-1,"Corey Grant","RB",NA,NA,NA,NA,NA,NA
"122",2553662,0,0,0,0,0,0,0,-1,"Gus Johnson","RB",NA,NA,NA,NA,NA,NA
"123",2553728,0,0,0,0,0,0,0,-1,"Raheem Mostert","RB",NA,NA,NA,NA,NA,NA
"124",2553733,10.2,51.4,0.2,1.5,11.5,0.1,0.1,-1,"Thomas Rawls","RB",NA,NA,NA,NA,NA,NA
"125",2553743,0,0,0,0,0,0,0,-1,"Rod Smith","RB",NA,NA,NA,NA,NA,NA
"126",2553762,0.4,1.6,0,0.2,1.4,0,0,-1,"Terron Ward","RB",NA,NA,NA,NA,NA,NA
"127",2555219,0.5,1.6,0,0.1,1,0,0,-1,"Daniel Lasco","RB",NA,NA,NA,NA,NA,NA
"128",2555223,8.9,37.8,0.2,0.8,6,0,0.1,-1,"Devontae Booker","RB",NA,NA,NA,NA,NA,NA
"129",2555224,17.8,79.3,0.6,2.3,16.7,0.1,0.2,-1,"Ezekiel Elliott","RB",NA,NA,NA,NA,NA,NA
"130",2555227,0.7,2.3,0,0.1,0.7,0,0,-1,"Jonathan Williams","RB",NA,NA,NA,NA,NA,NA
"131",2555230,7.2,34.4,0.3,1.1,8.9,0,0.1,-1,"Kenyan Drake","RB",NA,NA,NA,NA,NA,NA
"132",2555234,2.7,10.3,0.1,0.6,4.8,0,0.1,-1,"Tyler Ervin","RB",NA,NA,NA,NA,NA,NA
"133",2555417,2.9,14.3,0.1,1.3,11.3,0.1,0.1,-1,"C.J. Prosise","RB",NA,NA,NA,NA,NA,NA
"134",2555418,7.7,32.5,0.2,0.6,4.3,0,0.1,-1,"Jordan Howard","RB",NA,NA,NA,NA,NA,NA
"135",2555430,0.8,3,0,0.1,0.9,0,0,-1,"Alex Collins","RB",NA,NA,NA,NA,NA,NA
"136",2555432,1.2,8.2,0.1,0.6,5,0,0,-1,"Andy Janovich","RB",NA,NA,NA,NA,NA,NA
"137",2555460,2.6,10.9,0.1,0.5,4.1,0,0.1,-1,"Paul Perkins","RB",NA,NA,NA,NA,NA,NA
"138",2555461,3.6,13.3,0.1,0.6,4.3,0,0.1,-1,"Wendell Smallwood","RB",NA,NA,NA,NA,NA,NA
"139",2555464,5.4,22.8,0.2,1.3,10,0.1,0.1,-1,"DeAndre Washington","RB",NA,NA,NA,NA,NA,NA
"140",2556075,9,36.2,0.3,1.1,11.6,0,0.1,-1,"Derrick Henry","RB",NA,NA,NA,NA,NA,NA
"141",2556118,7.8,30.4,0.2,1.8,13.7,0.1,0.1,-1,"Dwayne Washington","RB",NA,NA,NA,NA,NA,NA
"142",2556273,0.7,2.5,0,0.1,0.9,0,0,-1,"Darius Jackson","RB",NA,NA,NA,NA,NA,NA
"143",2556411,2.8,13.7,0.1,1.7,13.4,0.1,0.1,-1,"Josh Ferguson","RB",NA,NA,NA,NA,NA,NA
"144",2556414,0.6,1.8,0,0.1,0.6,0,0,-1,"Rob Kelley","RB",NA,NA,NA,NA,NA,NA
"145",2556454,0,0,0,0,0,0,0,-1,"Brandon Wilds","RB",NA,NA,NA,NA,NA,NA
"146",2556466,0.6,2.2,0,0.1,0.9,0,0,-1,"Peyton Barber","RB",NA,NA,NA,NA,NA,NA
"147",2556507,0,0,0,0,0,0,0,-1,"Marshaun Coprich","RB",NA,NA,NA,NA,NA,NA
"148",2556544,0,0,0,0,0,0,0,-1,"Glenn Gronkowski","RB",NA,NA,NA,NA,NA,NA
"149",2556801,3.3,13.7,0.1,1.8,13.7,0.1,0.1,-1,"Kenneth Farrow","RB",NA,NA,NA,NA,NA,NA
"150",2556885,5.3,25.7,0.2,1.8,13.5,0.1,0.1,-1,"Jalen Richard","RB",NA,NA,NA,NA,NA,NA
"151",2557531,0.7,2.6,0,0.1,0.8,0,0,-1,"Troymaine Pope","RB",NA,NA,NA,NA,NA,NA
"152",230,0,0,0,0,0,0,0,3,"Jerome Felton","RB",NA,0,0,0,0,0
"153",234,20.1,64.1,0.6,2.9,23.1,0.1,0.2,3,"Matt Forte","RB",1,0.1,0,0,0,0
"154",262,5,17.6,0.2,0.2,1.1,0,0,3,"Chris Johnson","RB",1,0,0,0,0,0
"155",284,0,0,0,0,0,0,0,3,"Darren McFadden","RB",NA,0,0,0,0,0
"156",925,14.3,52.9,0.5,2.8,21.8,0.1,0.1,3,"Jamaal Charles","RB",1,0.1,0,0,0,0
"157",927,15.8,52.3,0.5,2.2,15.8,0.1,0.1,3,"Justin Forsett","RB",1,0.1,0,0,0,0
"158",949,0,0,0,0,0,0,0,3,"Jonathan Stewart","RB",NA,0,0,0,0,0
"159",4327,0,0,0,0,0,0,0,3,"Danny Woodhead","RB",NA,0,0,0,0,0
"160",4383,6.1,20.5,0.2,0.7,7.1,0,0,3,"Tim Hightower","RB",1,0,0,0,0,0
"161",4433,0,0,0,0,0,0,0,3,"Marcel Reece","RB",NA,0,0,0,0,0
"162",71345,17.5,66.1,0.6,1.9,15,0.1,0.2,3,"Rashad Jennings","RB",1,0.1,0,0,0,0
"163",79555,0,0,0,0,0,0,0,3,"Arian Foster","RB",1,0,0,0,0,0
"164",79607,20.7,69,0.6,2.4,17.6,0.1,0.2,3,"LeSean McCoy","RB",1,0.1,0,0,0,0
"165",79629,0,0,0,0,0,0,0,3,"Cedric Peerman","RB",NA,0,0,0,0,0
"166",89798,0,0,0,0,0,0,0,3,"Antone Smith","RB",NA,0,0,0,0,0
"167",163982,0,0,0,0,0,0,0,3,"Will Johnson","RB",NA,0,0,0,0,0
"168",497145,0,0,0,0,0,0,0,3,"Joique Bell","RB",NA,0,0,0,0,0
"169",497149,21.3,72.6,0.6,1.1,5.8,0,0.1,3,"LeGarrette Blount","RB",1,0.1,0,0,0,0
"170",497172,0,0,0,0,0,0,0,3,"Anthony Dixon","RB",NA,0,0,0,0,0
"171",497176,0,0,0,0,0,0,0,3,"Toby Gerhart","RB",NA,0,0,0,0,0
"172",497188,16.4,54,0.4,1.6,13.3,0.1,0.1,3,"Ryan Mathews","RB",1,0.1,0,0,0,0
"173",497190,0,0,0,0,0,0,0,3,"Dexter McCluster","RB",NA,0,0,0,0,0
"174",497204,0,0,0,0,0,0,0,3,"C.J. Spiller","RB",NA,0,0,0,0,0
"175",497206,8.3,27.5,0.3,1.1,9.9,0,0.1,3,"James Starks","RB",1,0,0,0,0,0
"176",2495161,0,0,0,0,0,0,0,3,"Roy Helu","RB",NA,0,0,0,0,0
"177",2495172,0,0,0,0,0,0,0,3,"Kendall Hunter","RB",NA,0,0,0,0,0
"178",2495207,16.9,52.7,0.5,3,22.9,0.1,0.1,3,"DeMarco Murray","RB",1,0.1,0,0,0,0
"179",2495241,0,0,0,0,0,0,0,3,"Daniel Thomas","RB",NA,0,0,0,0,0
"180",2495258,12,37.9,0.1,2.4,18.3,0,0.1,3,"Matt Asiata","RB",1,0.1,0,0,0,0
"181",2495328,4.4,14.3,0.1,1.6,14,0.1,0,3,"Bilal Powell","RB",1,0,0,0,0,0
"182",2495340,0,0,0,0,0,0,0,3,"Anthony Sherman","RB",NA,0,0,0,0,0
"183",2495461,7.4,20.8,0.2,1.9,14,0,0.1,3,"Shaun Draughn","RB",1,0,0,0,0,0
"184",2495466,18.9,66.7,0.7,3,25.2,0.1,0.1,3,"Mark Ingram","RB",1,0.1,0.1,0,0,0
"185",2495467,0,0,0,0,0,0,0,3,"Taiwan Jones","RB",1,0,0,29.7,0,0
"186",2495469,0,0,0,0,0,0,0,3,"Dion Lewis","RB",NA,0,0,0,0,0
"187",2495470,0,0,0,0,0,0,0,3,"Stevan Ridley","RB",NA,0,0,0,0,0
"188",2495471,9.7,29.8,0.1,1.2,8.8,0,0.1,3,"Jacquizz Rodgers","RB",1,0,0,0,0,0
"189",2495472,0,0,0,0,0,0,0,3,"Jordan Todman","RB",NA,0,0,0,0,0
"190",2495473,7.3,27.2,0.3,3.3,30.2,0.2,0.1,3,"Shane Vereen","RB",1,0,0.1,0,0,0
"191",2495560,0,0,0,0,0,0,0,3,"Ahmad Bradshaw","RB",NA,0,0,0,0,0
"192",2495663,0,0,0,0,0,0,0,3,"Marshawn Lynch","RB",NA,0,0,0,0,0
"193",2495979,20.2,85.5,1.1,3.4,28.3,0.2,0.2,3,"DeAngelo Williams","RB",1,0.1,0.1,0,0,0
"194",2505936,0,0,0,0,0,0,0,3,"Steven Jackson","RB",NA,0,0,0,0,0
"195",2506147,1.5,4.6,0.1,0.8,4.9,0,0,3,"John Kuhn","RB",1,0,0,0,0,0
"196",2506404,15.7,56.4,0.5,1.6,13.7,0.1,0.1,3,"Frank Gore","RB",1,0.1,0,0,0,0
"197",2506467,4.5,13.4,0.1,3.6,31.3,0.2,0.1,3,"Darren Sproles","RB",1,0,0,60.9,0.1,0
"198",2506871,0,0,0,0,0,0,0,3,"Fred Jackson","RB",NA,0,0,0,0,0
"199",2506874,3.8,11.8,0.1,0.8,5.3,0,0,3,"Reggie Bush","RB",1,0,0,53.7,0,0
"200",2507141,0,0,0,0,0,0,0,3,"Pierre Thomas","RB",NA,0,0,0,0,0
"201",2507164,0,0,0,0,0,0,0,3,"Adrian Peterson","RB",NA,0,0,0,0,0
"202",2507428,4.7,16.5,0.1,1.5,13.2,0.1,0,3,"Mike Tolbert","RB",1,0,0,0,0,0
"203",2507737,0,0,0,0,0,0,0,3,"Darrel Young","RB",NA,0,0,0,0,0
"204",2507779,0,0,0,0,0,0,0,3,"Donald Brown","RB",NA,0,0,0,0,0
"205",2507999,12.5,40.8,0.4,0.8,6.7,0,0.1,3,"Chris Ivory","RB",1,0.1,0,0,0,0
"206",2508096,0,0,0,0,0,0,0,3,"Tyler Clutts","RB",NA,0,0,0,0,0
"207",2508101,0,0,0,0,0,0,0,3,"James Develin","RB",NA,0,0,0,0,0
"208",2527672,0,0,0,0,0,0,0,3,"Will Tukuafu","RB",NA,0,0,0,0,0
"209",2530690,0,0,0,0,0,0,0,3,"DuJuan Harris","RB",NA,0,0,0,0,0
"210",2530763,0.3,1,0,0.3,2.4,0,0,3,"Patrick DiMarco","RB",1,0,0,0,0,0
"211",2531218,0,0,0,0,0,0,0,3,"Chase Reynolds","RB",NA,0,0,0,0,0
"212",2532797,0,0,0,0,0,0,0,3,"Brandon Bolden","RB",NA,0,0,0,0,0
"213",2532851,0,0,0,0,0,0,0,3,"Cyrus Gray","RB",NA,0,0,0,0,0
"214",2532864,0,0,0,0,0,0,0,3,"Dan Herron","RB",NA,0,0,0,0,0
"215",2532899,0,0,0,0,0,0,0,3,"Doug Martin","RB",1,0,0,0,0,0
"216",2532926,0,0,0,0,0,0,0,3,"Isaiah Pead","RB",NA,0,0,0,0,0
"217",2533012,0,0,0,0,0,0,0,3,"Vick Ballard","RB",NA,0,0,0,0,0
"218",2533030,0,0,0,0,0,0,0,3,"Jonas Gray","RB",NA,0,0,0,0,0
"219",2533032,0,0,0,0,0,0,0,3,"Trent Richardson","RB",NA,0,0,0,0,0
"220",2533034,21.4,73.5,0.6,2.8,22.5,0.1,0.2,3,"Lamar Miller","RB",1,0.1,0,0,0,0
"221",2533037,0,0,0,0,0,0,0,3,"Chris Polk","RB",NA,0,0,0,0,0
"222",2533437,0,0,0,0,0,0,0,3,"Ronnie Hillman","RB",NA,0,0,0,0,0
"223",2533457,5.7,19.9,0.2,0.6,3.5,0,0,3,"Alfred Morris","RB",1,0,0,0,0,0
"224",2533460,3.8,13.9,0.1,0.5,4.2,0,0,3,"Robert Turbin","RB",1,0,0,0,0,0
"225",2533545,0,0,0,0,0,0,0,3,"Bernard Pierce","RB",NA,0,0,0,0,0
"226",2534437,0,0,0,0,0,0,0,3,"Austin Johnson","RB",NA,0,0,0,0,0
"227",2534571,0,0,0,0,0,0,0,3,"Bobby Rainey","RB",NA,0,0,0,0,0
"228",2534770,0.6,2.2,0,0.3,2.2,0,0,3,"Jonathan Grimes","RB",1,0,0,0,0,0
"229",2534789,1.9,7.1,0.1,1.1,8.1,0,0,3,"Daryl Richardson","RB",1,0,0,0,0,0
"230",2534796,0,0,0,0,0,0,0,3,"Bryce Brown","RB",NA,0,0,0,0,0
"231",2535696,0,0,0,0,0,0,0,3,"Joe Banyard","RB",NA,0,0,0,0,0
"232",2535708,1.7,10.3,0.1,1.8,21,0.1,0,3,"Lance Dunbar","RB",1,0,0.2,0,0,0
"233",2535890,1.5,4.4,0.1,2,21.7,0.1,0,3,"Travaris Cadet","RB",1,0,0.1,0,0,0
"234",2536044,0.5,2,0,0.3,3.9,0,0,3,"Jamize Olawale","RB",1,0,0,0,0,0
"235",2539199,0,0,0,0,0,0,0,3,"Cameron Marshall","RB",NA,0,0,0,0,0
"236",2539217,3.8,14.1,0.1,0.8,7.4,0,0,3,"Andre Ellington","RB",1,0,0,45,0,0
"237",2539260,3,9.7,0.1,0.5,4.3,0,0,3,"Denard Robinson","RB",1,0,0,0,0,0
"238",2539265,0.3,0.7,0,0,0,0,0,3,"Rex Burkhead","RB",1,0,0,0,0,0
"239",2539289,3.9,12.2,0.1,0.3,1.8,0,0,3,"Kenjon Barner","RB",1,0,0,0,0,0
"240",2539303,0.6,1.6,0,0.3,2.6,0,0,3,"Zach Line","RB",1,0,0,0,0,0
"241",2539315,0.3,1,0,0.2,1.2,0,0,3,"Stepfan Taylor","RB",1,0,0,0,0,0
"242",2539322,13.6,48.2,0.5,1.3,8.6,0.1,0,3,"Christine Michael","RB",1,0.1,0,0,0,0
"243",2539341,0,0,0,0,0,0,0,3,"Montee Ball","RB",NA,0,0,0,0,0
"244",2539663,1.9,6.8,0.1,0.2,1.4,0,0,3,"Mike Gillislee","RB",1,0,0,0,0,0
"245",2539980,0,0,0,0,0,0,0,3,"Kerwynn Williams","RB",NA,0,0,0,0,0
"246",2540011,4.7,20,0.1,2.5,19.8,0.1,0.1,3,"Chris Thompson","RB",1,0,0,0,0,0
"247",2540020,14.1,47.8,0.2,5,43.2,0.2,0.1,3,"Theo Riddick","RB",1,0.1,0.1,0,0,0
"248",2540037,14.6,51.5,0.1,1.2,9.1,0,0.1,3,"Fozzy Whittaker","RB",1,0.1,0,0,0,0
"249",2540156,9.1,28,0.2,3.7,31.7,0.2,0.1,3,"Giovani Bernard","RB",1,0,0,0,0,0
"250",2540168,15.9,56.5,0.6,1.8,15.7,0.1,0.1,3,"Eddie Lacy","RB",1,0.1,0,0,0,0
"251",2540175,0,0,0,0,0,0,0,3,"LeVeon Bell","RB",NA,0,0,0,0,0
"252",2540178,0.3,0.8,0,0.2,1.2,0,0,3,"Knile Davis","RB",1,0,0,56.9,0,0
"253",2540204,11.2,36.8,0.2,1.1,7,0,0.1,3,"Spencer Ware","RB",1,0.1,0,0,0,0
"254",2540224,0,0,0,0,0,0,0,3,"Mike James","RB",NA,0,0,0,0,0
"255",2540225,0,0,0,0,0,0,0,3,"Tommy Bohanon","RB",NA,0,0,0,0,0
"256",2540230,0,0,0,1.2,11.7,0,0,3,"Kyle Juszczyk","RB",1,0,0,0,0,0
"257",2540269,19.9,71.9,0.6,2.8,17,0.1,0.1,3,"C.J. Anderson","RB",1,0.1,0,0,0,0
"258",2540273,0,0,0,0,0,0,0,3,"Zac Stacy","RB",NA,0,0,0,0,0
"259",2541161,14.2,49.6,0.4,2.5,19.5,0.1,0.1,3,"Latavius Murray","RB",1,0.1,0,0,0,0
"260",2541544,3.3,10.9,0.1,1.8,17.3,0.1,0,3,"Benny Cunningham","RB",1,0,0,38,0,0
"261",2541778,0,0,0,0,0,0,0,3,"Kendall Gaskins","RB",NA,0,0,0,0,0
"262",2541910,0,0,0,0,0,0,0,3,"George Winn","RB",NA,0,0,0,0,0
"263",2542022,0,0,0,0,0,0,0,3,"Khiry Robinson","RB",NA,0,0,0,0,0
"264",2543502,0,0,0,0,0,0,0,3,"Tre Mason","RB",NA,0,0,0,0,0
"265",2543551,6.6,22.9,0.2,0.9,6.3,0,0,3,"KaDeem Carey","RB",1,0,0,0,0,0
"266",2543559,0,0,0,0,0,0,0,3,"Lache Seastrunk","RB",NA,0,0,0,0,0
"267",2543565,3.1,10.4,0.1,0.3,1.9,0,0,3,"Andre Williams","RB",1,0,0,0,0,0
"268",2543570,0,0,0,0,0,0,0,3,"Storm Johnson","RB",NA,0,0,0,0,0
"269",2543583,15.7,58.3,0.6,2.8,25.9,0.1,0.2,3,"Devonta Freeman","RB",1,0.1,0.1,0,0,0
"270",2543596,0,0,0,0,0,0,0,3,"Dri Archer","RB",NA,0,0,0,0,0
"271",2543600,2.4,8.1,0.1,0.3,2.3,0,0,3,"Alfred Blue","RB",1,0,0,0,0,0
"272",2543603,17.2,48.7,0.3,1.4,9.8,0.1,0.2,3,"Jeremy Hill","RB",1,0.1,0,0,0,0
"273",2543655,0,0,0,0,0,0,0,3,"Tyler Gaffney","RB",NA,0,0,0,0,0
"274",2543664,13.3,42.4,0.4,2,13.8,0,0.1,3,"Terrance West","RB",1,0.1,0,0,0,0
"275",2543682,0,0,0,0,0,0,0,3,"Bishop Sankey","RB",NA,0,0,0,0,0
"276",2543690,0,0,0,0,0,0,0,3,"Marion Grice","RB",NA,0,0,0,0,0
"277",2543695,0.3,1.1,0,0,0,0,0,3,"Jay Prosch","RB",1,0,0,0,0,0
"278",2543704,0,0,0,0,0,0,0,3,"Lorenzo Taliaferro","RB",NA,0,0,0,0,0
"279",2543715,15.4,53.3,0.1,2.4,17.7,0.1,0.2,3,"Jerick McKinnon","RB",1,0.1,0,0,0,0
"280",2543743,17.5,51.4,0.4,1.7,10.4,0,0.2,3,"Carlos Hyde","RB",1,0.1,0,0,0,0
"281",2543770,17.2,61.9,0.2,3.2,37.4,0.1,0.2,3,"Charles Sims","RB",1,0.1,0.2,0,0,0
"282",2543773,3.5,12.5,0.1,3.7,30.2,0.3,0,3,"James White","RB",1,0,0.1,0,0,0
"283",2550189,19.1,68.9,0.7,1.1,8.1,0,0.1,3,"Isaiah Crowell","RB",1,0.1,0,0,0,0
"284",2550233,0,0,0,0,0,0,0,3,"Rajion Neal","RB",NA,0,0,0,0,0
"285",2550235,0,0,0,0,0,0,0,3,"Roosevelt Nix","RB",NA,0,0,0,0,0
"286",2550263,0,0,0,0,0,0,0,3,"Juwan Thompson","RB",NA,0,0,0,0,0
"287",2550268,2.4,7.2,0.1,0.4,2.5,0,0,3,"Charcandrick West","RB",1,0,0,0,0,0
"288",2550270,0,0,0,0,0,0,0,3,"Nikita Whitlock","RB",NA,0,0,0,0,0
"289",2550474,0,0,0,0,0,0,0,3,"Antonio Andrews","RB",NA,0,0,0,0,0
"290",2550481,2.9,10.9,0.1,0.3,2.5,0,0,3,"Orleans Darkwa","RB",1,0,0,0,0,0
"291",2550512,0,0,0,0,0,0,0,3,"Damien Williams","RB",1,0,0,40.8,0,0
"292",2550529,0,0,0,0,0,0,0,3,"Silas Redd","RB",NA,0,0,0,0,0
"293",2550540,1.5,5.1,0.1,0,0,0,0,3,"George Atkinson","RB",1,0,0,0,0,0
"294",2550542,0.6,2,0,0.3,1.3,0,0,3,"Kapri Bibbs","RB",1,0,0,0,0,0
"295",2550596,0,0,0,0,0,0,0,3,"Darrin Reaves","RB",NA,0,0,0,0,0
"296",2550633,0,0,0,0,0,0,0,3,"Senorise Perry","RB",NA,0,0,0,0,0
"297",2550658,0,0,0,0,0,0,0,3,"Branden Oliver","RB",NA,0,0,0,0,0
"298",2550738,4.8,16.3,0.2,1.1,8.1,0,0,3,"Fitzgerald Toussaint","RB",1,0,0,39.2,0,0
"299",2551357,0,0,0,0,0,0,0,3,"Glenn Winston","RB",NA,0,0,0,0,0
"300",2552374,0,0,0,0,0,0,0,3,"Ameer Abdullah","RB",1,0,0,0,0,0
"301",2552375,7.3,25.3,0.1,0.5,5,0,0,3,"Cameron Artis-Payne","RB",1,0,0,0,0,0
"302",2552376,0,0,0,0,0,0,0,3,"David Cobb","RB",NA,0,0,0,0,0
"303",2552379,13.8,47.8,0.5,1.8,15.9,0.1,0.1,3,"Jeremy Langford","RB",1,0.1,0,0,0,0
"304",2552380,0,0,0,0,0,0,0,3,"Karlos Williams","RB",NA,0,0,0,0,0
"305",2552382,1.7,5.7,0.1,0.3,2.5,0,0,3,"Malcolm Brown","RB",1,0,0,0,0,0
"306",2552453,10.9,41.8,0.4,2.9,21.4,0.1,0.1,3,"Tevin Coleman","RB",1,0.1,0,0,0,0
"307",2552461,7.6,25.9,0.3,3.5,28.6,0.1,0,3,"Duke Johnson","RB",1,0,0.1,0,0,0
"308",2552464,0,0,0,0,0,0,0,3,"Jalston Fowler","RB",NA,0,0,0,0,0
"309",2552469,18.6,64.3,0.5,2.5,19.9,0.1,0.1,3,"Melvin Gordon","RB",1,0.1,0,0,0,0
"310",2552471,9.4,30.2,0.3,2.3,19.5,0.1,0.1,3,"T.J. Yeldon","RB",1,0,0,0,0,0
"311",2552475,23.1,83.9,0.7,2.1,17.4,0.1,0.2,3,"Todd Gurley","RB",1,0.1,0,0,0,0
"312",2552476,0,0,0,0,0,0,0,3,"Kenny Hilliard","RB",NA,0,0,0,0,0
"313",2552477,0.3,0.9,0,0.3,4.8,0,0,3,"Aaron Ripkowski","RB",1,0,0.1,0,0,0
"314",2552582,12.8,44.5,0.3,1.7,16.5,0.1,0.1,3,"Jay Ajayi","RB",1,0.1,0,0,0,0
"315",2552631,0,0,0,0,0,0,0,3,"Javorius Allen","RB",NA,0,0,0,0,0
"316",2552634,0,0,0,0,0,0,0,3,"Joey Iosefa","RB",NA,0,0,0,0,0
"317",2552635,19.3,67.4,0.6,0.9,6.9,0,0.2,3,"Matt Jones","RB",1,0.1,0,0,0,0
"318",2552636,0,0,0,0,0,0,0,3,"Michael Burton","RB",NA,0,0,0,0,0
"319",2552647,0,0,0,0,0,0,0,3,"Marcus Murphy","RB",1,0,0,43.6,0,0
"320",2553117,0,0,0,0,0,0,0,3,"Jarryd Hayne","RB",NA,0,0,0,0,0
"321",2553435,20.5,74.2,0.7,3,31.4,0.2,0.1,3,"David Johnson","RB",1,0.1,0.1,0,0,0
"322",2553439,2.4,5.7,0.1,0.2,1.1,0,0,3,"Mike Davis","RB",1,0,0,0,0,0
"323",2553446,0,0,0,0.2,1.6,0,0,3,"Malcolm Johnson","RB",1,0,0,0,0,0
"324",2553486,0,0,0,0,0,0,0,3,"Trey Williams","RB",NA,0,0,0,0,0
"325",2553511,0,0,0,0,0,0,0,3,"John Crockett","RB",NA,0,0,0,0,0
"326",2553618,0,0,0,0,0,0,0,3,"Brandon Wegher","RB",NA,0,0,0,0,0
"327",2553631,0,0,0,0,0,0,0,3,"Zach Zenner","RB",NA,0,0,0,0,0
"328",2553650,0,0,0,0,0,0,0,3,"Corey Grant","RB",1,0,0,12.4,0,0
"329",2553662,0,0,0,0,0,0,0,3,"Gus Johnson","RB",NA,0,0,0,0,0
"330",2553728,0,0,0,0,0,0,0,3,"Raheem Mostert","RB",NA,0,0,0,0,0
"331",2553733,12.1,46.5,0.4,1.4,10,0.1,0,3,"Thomas Rawls","RB",1,0.1,0,0,0,0
"332",2553743,0,0,0,0,0,0,0,3,"Rod Smith","RB",NA,0,0,0,0,0
"333",2553762,0,0,0,0,0,0,0,3,"Terron Ward","RB",NA,0,0,0,0,0
"334",2553848,0,0,0,0,0,0,0,3,"Dreamius Smith","RB",NA,0,0,0,0,0
"335",2555219,0,0,0,0,0,0,0,3,"Daniel Lasco","RB",NA,0,0,0,0,0
"336",2555223,7.7,25.2,0.2,0.8,4,0,0,3,"Devontae Booker","RB",1,0,0,0,0,0
"337",2555224,19.4,70.2,0.7,2,15.8,0.1,0.1,3,"Ezekiel Elliott","RB",1,0.1,0,0,0,0
"338",2555227,0.6,1.9,0,0.2,1.3,0,0,3,"Jonathan Williams","RB",1,0,0,0,0,0
"339",2555229,0,0,0,0,0,0,0,3,"Kenneth Dixon","RB",NA,0,0,0,0,0
"340",2555230,11.6,39,0.1,2.1,17.8,0.1,0.1,3,"Kenyan Drake","RB",1,0.1,0,0,0,0
"341",2555234,4.6,15.8,0.1,1,7.2,0,0.1,3,"Tyler Ervin","RB",1,0,0,43.9,0,0
"342",2555417,0.9,3,0,0.7,4.7,0,0,3,"C.J. Prosise","RB",1,0,0,0,0,0
"343",2555418,10.5,38,0.4,0.8,5,0,0,3,"Jordan Howard","RB",1,0.1,0,0,0,0
"344",2555430,0,0,0,0,0,0,0,3,"Alex Collins","RB",NA,0,0,0,0,0
"345",2555432,0.6,2,0,0,0,0,0,3,"Andy Janovich","RB",1,0,0,0,0,0
"346",2555459,0,0,0,0,0,0,0,3,"Keith Marshall","RB",NA,0,0,0,0,0
"347",2555460,0,0,0,0,0,0,0,3,"Paul Perkins","RB",NA,0,0,0,0,0
"348",2555461,2.4,6.9,0.1,0.3,1.9,0,0,3,"Wendell Smallwood","RB",1,0,0,17.4,0,0
"349",2555464,4.9,16.5,0.1,1.4,12.1,0.1,0,3,"DeAndre Washington","RB",1,0,0,0,0,0
"350",2556075,11.4,34.9,0.3,1,6,0,0.1,3,"Derrick Henry","RB",1,0.1,0,0,0,0
"351",2556118,7.9,27.5,0.1,0.4,2.4,0,0.1,3,"Dwayne Washington","RB",1,0,0,0,0,0
"352",2556273,0,0,0,0,0,0,0,3,"Darius Jackson","RB",NA,0,0,0,0,0
"353",2556379,0,0,0,0,0,0,0,3,"Zac Brooks","RB",NA,0,0,0,0,0
"354",2556411,3,11.2,0.1,0.8,6.6,0,0,3,"Josh Ferguson","RB",1,0,0,0,0,0
"355",2556414,3,10.4,0.1,0.3,1.8,0,0,3,"Rob Kelley","RB",1,0,0,0,0,0
"356",2556454,0,0,0,0,0,0,0,3,"Brandon Wilds","RB",NA,0,0,0,0,0
"357",2556466,0,0,0,0,0,0,0,3,"Peyton Barber","RB",NA,0,0,0,0,0
"358",2556507,0,0,0,0,0,0,0,3,"Marshaun Coprich","RB",NA,0,0,0,0,0
"359",2556528,0.9,2.8,0,0.9,4.7,0,0,3,"D.J. Foster","RB",1,0,0,0,0,0
"360",2556544,0,0,0,0,0,0,0,3,"Glenn Gronkowski","RB",NA,0,0,0,0,0
"361",2556603,0,0,0,0,0,0,0,3,"Tre Madden","RB",NA,0,0,0,0,0
"362",2556801,5.7,19.7,0.2,0.9,5.9,0,0,3,"Kenneth Farrow","RB",1,0,0,0,0,0
"363",2556885,4.4,12,0.1,0.7,5,0,0,3,"Jalen Richard","RB",1,0,0,8.7,0,0
"364",2557531,1.5,3.6,0,0,0,0,0,3,"Troymaine Pope","RB",1,0,0,10.1,0,0
"365",234,17.6,73.6,0.4,3.9,31.2,0.1,NA,4,"Matt Forte","RB",NA,NA,NA,NA,NA,NA
"366",262,5.5,24.9,0.2,0.3,1.9,0,NA,4,"Chris Johnson","RB",NA,NA,NA,NA,NA,NA
"367",925,10.8,51.7,0.4,2.5,20.8,0.1,NA,4,"Jamaal Charles","RB",NA,NA,NA,NA,NA,NA
"368",927,12.1,52.2,0.3,2.2,15.6,0.1,NA,4,"Justin Forsett","RB",NA,NA,NA,NA,NA,NA
"369",4383,5.3,21.7,0.2,0.6,4.6,0,NA,4,"Tim Hightower","RB",NA,NA,NA,NA,NA,NA
"370",71345,16.6,74.1,0.4,1.6,12.5,0.1,NA,4,"Rashad Jennings","RB",NA,NA,NA,NA,NA,NA
"371",79607,16.7,71.3,0.5,3.1,22.5,0.1,NA,4,"LeSean McCoy","RB",NA,NA,NA,NA,NA,NA
"372",497149,17.3,72.7,0.4,0.2,1.5,0,NA,4,"LeGarrette Blount","RB",NA,NA,NA,NA,NA,NA
"373",497188,11.1,49.3,0.4,1,7.7,0,NA,4,"Ryan Mathews","RB",NA,NA,NA,NA,NA,NA
"374",497206,8,33.7,0.2,1,7.8,0,NA,4,"James Starks","RB",NA,NA,NA,NA,NA,NA
"375",2495207,14.7,63.3,0.5,3,23.9,0.1,NA,4,"DeMarco Murray","RB",NA,NA,NA,NA,NA,NA
"376",2495258,8.8,32.4,0.4,2.6,17.6,0.1,NA,4,"Matt Asiata","RB",NA,NA,NA,NA,NA,NA
"377",2495328,5.8,24.5,0.1,1.8,13.4,0.1,NA,4,"Bilal Powell","RB",NA,NA,NA,NA,NA,NA
"378",2495340,0,0,0,0.2,1.7,0,NA,4,"Anthony Sherman","RB",NA,NA,NA,NA,NA,NA
"379",2495461,6.4,20.8,0.1,2.2,14,0,NA,4,"Shaun Draughn","RB",NA,NA,NA,NA,NA,NA
"380",2495466,15.1,66.7,0.6,2.9,20.8,0.1,NA,4,"Mark Ingram","RB",NA,NA,NA,NA,NA,NA
"381",2495467,0.5,2,0,0.3,2.1,0,NA,4,"Taiwan Jones","RB",NA,NA,NA,NA,NA,NA
"382",2495471,8.2,30.3,0.2,1.4,9.8,0,NA,4,"Jacquizz Rodgers","RB",NA,NA,NA,NA,NA,NA
"383",2495473,8.3,36.7,0.3,3,26.1,0.2,NA,4,"Shane Vereen","RB",NA,NA,NA,NA,NA,NA
"384",2495979,20.9,98.5,0.5,4.3,33.4,0.2,NA,4,"DeAngelo Williams","RB",NA,NA,NA,NA,NA,NA
"385",2506147,1.5,5.1,0.1,0.9,6.8,0.1,NA,4,"John Kuhn","RB",NA,NA,NA,NA,NA,NA
"386",2506404,15.2,66,0.4,2.4,21.4,0.1,NA,4,"Frank Gore","RB",NA,NA,NA,NA,NA,NA
"387",2506467,5.8,25.8,0.2,3.4,29.1,0.1,NA,4,"Darren Sproles","RB",NA,NA,NA,NA,NA,NA
"388",2506874,3.2,13.1,0.1,0.9,6.4,0,NA,4,"Reggie Bush","RB",NA,NA,NA,NA,NA,NA
"389",2507428,4.6,18.3,0.2,1.1,9.1,0.1,NA,4,"Mike Tolbert","RB",NA,NA,NA,NA,NA,NA
"390",2507999,10.8,44.6,0.4,1.3,9.2,0.1,NA,4,"Chris Ivory","RB",NA,NA,NA,NA,NA,NA
"391",2508101,0.6,1.8,0,0.2,1.5,0,NA,4,"James Develin","RB",NA,NA,NA,NA,NA,NA
"392",2530763,0.1,0.4,0,0.3,2.5,0,NA,4,"Patrick DiMarco","RB",NA,NA,NA,NA,NA,NA
"393",2532797,3.9,15.7,0.1,0.5,3.1,0,NA,4,"Brandon Bolden","RB",NA,NA,NA,NA,NA,NA
"394",2533034,17.8,73.1,0.4,2.9,20.5,0.1,NA,4,"Lamar Miller","RB",NA,NA,NA,NA,NA,NA
"395",2533457,7.7,31.5,0.2,0.4,3.2,0,NA,4,"Alfred Morris","RB",NA,NA,NA,NA,NA,NA
"396",2533460,3.2,14,0.1,1.1,9.7,0.1,NA,4,"Robert Turbin","RB",NA,NA,NA,NA,NA,NA
"397",2534770,0.4,1.4,0,0.5,3.9,0,NA,4,"Jonathan Grimes","RB",NA,NA,NA,NA,NA,NA
"398",2534789,1.3,5.4,0,0,0,0,NA,4,"Daryl Richardson","RB",NA,NA,NA,NA,NA,NA
"399",2535708,1.8,7.5,0,1.3,11.3,0.1,NA,4,"Lance Dunbar","RB",NA,NA,NA,NA,NA,NA
"400",2535890,1.5,6.3,0.1,2.8,23.5,0.1,NA,4,"Travaris Cadet","RB",NA,NA,NA,NA,NA,NA
"401",2536044,1,4.3,0,0.8,6.1,0.1,NA,4,"Jamize Olawale","RB",NA,NA,NA,NA,NA,NA
"402",2539217,2.6,11.7,0.1,1,9.1,0,NA,4,"Andre Ellington","RB",NA,NA,NA,NA,NA,NA
"403",2539260,0.4,1.7,0,0.1,0.9,0,NA,4,"Denard Robinson","RB",NA,NA,NA,NA,NA,NA
"404",2539265,0.3,0.9,0,0.2,1.5,0,NA,4,"Rex Burkhead","RB",NA,NA,NA,NA,NA,NA
"405",2539289,1.7,7.2,0.1,0.1,1,0,NA,4,"Kenjon Barner","RB",NA,NA,NA,NA,NA,NA
"406",2539303,0.3,1.1,0,0.3,1.7,0,NA,4,"Zach Line","RB",NA,NA,NA,NA,NA,NA
"407",2539322,13.5,57.2,0.4,1.8,15.1,0.1,NA,4,"Christine Michael","RB",NA,NA,NA,NA,NA,NA
"408",2539663,1.5,6.1,0,0.7,4.7,0,NA,4,"Mike Gillislee","RB",NA,NA,NA,NA,NA,NA
"409",2540011,4.8,21.9,0.1,3,24.6,0.1,NA,4,"Chris Thompson","RB",NA,NA,NA,NA,NA,NA
"410",2540020,9.6,38.9,0.2,4.7,40.2,0.2,NA,4,"Theo Riddick","RB",NA,NA,NA,NA,NA,NA
"411",2540037,13.3,56.9,0.3,1.4,10,0.1,NA,4,"Fozzy Whittaker","RB",NA,NA,NA,NA,NA,NA
"412",2540156,8.3,31.5,0.2,3.3,23.4,0.1,NA,4,"Giovani Bernard","RB",NA,NA,NA,NA,NA,NA
"413",2540168,15.7,68.8,0.5,1.7,14.3,0.1,NA,4,"Eddie Lacy","RB",NA,NA,NA,NA,NA,NA
"414",2540178,0.2,0.8,0,0,0,0,NA,4,"Knile Davis","RB",NA,NA,NA,NA,NA,NA
"415",2540204,8.2,34,0.4,1.5,10,0,NA,4,"Spencer Ware","RB",NA,NA,NA,NA,NA,NA
"416",2540230,0.5,1.6,0,1.9,16.9,0.1,NA,4,"Kyle Juszczyk","RB",NA,NA,NA,NA,NA,NA
"417",2540269,17.6,80.3,0.4,2.5,17,0.1,NA,4,"C.J. Anderson","RB",NA,NA,NA,NA,NA,NA
"418",2541161,13.6,58,0.4,2.4,18.9,0.1,NA,4,"Latavius Murray","RB",NA,NA,NA,NA,NA,NA
"419",2543551,7.3,31.2,0.2,1.6,12.7,0,NA,4,"KaDeem Carey","RB",NA,NA,NA,NA,NA,NA
"420",2543565,1.7,7,0,0.6,4.8,0,NA,4,"Andre Williams","RB",NA,NA,NA,NA,NA,NA
"421",2543583,12.6,57.4,0.5,3.1,27.2,0.1,NA,4,"Devonta Freeman","RB",NA,NA,NA,NA,NA,NA
"422",2543600,2.7,9.9,0.1,0.3,1.9,0,NA,4,"Alfred Blue","RB",NA,NA,NA,NA,NA,NA
"423",2543603,14.5,51.6,0.4,1.2,7.5,0,NA,4,"Jeremy Hill","RB",NA,NA,NA,NA,NA,NA
"424",2543664,11.6,44.7,0.3,1.9,14.8,0.1,NA,4,"Terrance West","RB",NA,NA,NA,NA,NA,NA
"425",2543715,11.2,48.8,0.3,2.6,17.8,0.1,NA,4,"Jerick McKinnon","RB",NA,NA,NA,NA,NA,NA
"426",2543743,13.3,45.6,0.3,2.4,15,0.1,NA,4,"Carlos Hyde","RB",NA,NA,NA,NA,NA,NA
"427",2543770,14.7,57.5,0.4,3.1,27.3,0.1,NA,4,"Charles Sims","RB",NA,NA,NA,NA,NA,NA
"428",2543773,3.9,15.5,0.1,3.4,27.6,0.1,NA,4,"James White","RB",NA,NA,NA,NA,NA,NA
"429",2550189,18,76.7,0.4,1.2,9.3,0,NA,4,"Isaiah Crowell","RB",NA,NA,NA,NA,NA,NA
"430",2550206,0,0,0,0.5,2.8,0,NA,4,"Ryan Hewitt","RB",NA,NA,NA,NA,NA,NA
"431",2550268,1.9,7,0.1,0.5,3.4,0,NA,4,"Charcandrick West","RB",NA,NA,NA,NA,NA,NA
"432",2550481,1.9,8.4,0.1,0.3,1.9,0,NA,4,"Orleans Darkwa","RB",NA,NA,NA,NA,NA,NA
"433",2550512,2.5,11.3,0.1,1.5,14.2,0.1,NA,4,"Damien Williams","RB",NA,NA,NA,NA,NA,NA
"434",2550542,0.5,2.1,0,0.4,2.7,0,NA,4,"Kapri Bibbs","RB",NA,NA,NA,NA,NA,NA
"435",2550738,2.7,10.9,0.1,0.6,4.5,0,NA,4,"Fitzgerald Toussaint","RB",NA,NA,NA,NA,NA,NA
"436",2552375,5.9,23.4,0.2,0.4,3.2,0,NA,4,"Cameron Artis-Payne","RB",NA,NA,NA,NA,NA,NA
"437",2552379,12.1,48.7,0.4,2.3,21.3,0.1,NA,4,"Jeremy Langford","RB",NA,NA,NA,NA,NA,NA
"438",2552382,0.8,2.8,0,0.2,1.7,0,NA,4,"Malcolm Brown","RB",NA,NA,NA,NA,NA,NA
"439",2552453,9.4,44.1,0.4,3.4,27.8,0.1,NA,4,"Tevin Coleman","RB",NA,NA,NA,NA,NA,NA
"440",2552461,6.1,25.3,0.1,3.5,28.4,0.1,NA,4,"Duke Johnson","RB",NA,NA,NA,NA,NA,NA
"441",2552464,0.1,0.4,0,0.2,1.8,0,NA,4,"Jalston Fowler","RB",NA,NA,NA,NA,NA,NA
"442",2552469,15.9,66.2,0.4,3.5,24.9,0.1,NA,4,"Melvin Gordon","RB",NA,NA,NA,NA,NA,NA
"443",2552471,9,34.1,0.2,2.4,17.9,0.1,NA,4,"T.J. Yeldon","RB",NA,NA,NA,NA,NA,NA
"444",2552475,18.4,75.2,0.7,2.5,20.1,0.1,NA,4,"Todd Gurley","RB",NA,NA,NA,NA,NA,NA
"445",2552477,0.3,0.9,0,0.2,1.8,0,NA,4,"Aaron Ripkowski","RB",NA,NA,NA,NA,NA,NA
"446",2552582,9.8,42.3,0.3,1,8.4,0,NA,4,"Jay Ajayi","RB",NA,NA,NA,NA,NA,NA
"447",2552635,13.3,54.5,0.3,1.2,11.3,0,NA,4,"Matt Jones","RB",NA,NA,NA,NA,NA,NA
"448",2552636,0.2,0.7,0,0.2,1.1,0,NA,4,"Michael Burton","RB",NA,NA,NA,NA,NA,NA
"449",2553435,16.4,73.5,0.6,3.6,34.3,0.2,NA,4,"David Johnson","RB",NA,NA,NA,NA,NA,NA
"450",2553439,0.7,2.2,0,0.3,1.7,0,NA,4,"Mike Davis","RB",NA,NA,NA,NA,NA,NA
"451",2553446,0.3,0.9,0,0.4,3.4,0,NA,4,"Malcolm Johnson","RB",NA,NA,NA,NA,NA,NA
"452",2553631,2.3,9.2,0.1,0.5,3.5,0,NA,4,"Zach Zenner","RB",NA,NA,NA,NA,NA,NA
"453",2553650,0.2,0.8,0,0,0,0,NA,4,"Corey Grant","RB",NA,NA,NA,NA,NA,NA
"454",2553733,12,53.6,0.3,1.3,11.6,0.1,NA,4,"Thomas Rawls","RB",NA,NA,NA,NA,NA,NA
"455",2555219,0.3,1,0,0.2,1.2,0,NA,4,"Daniel Lasco","RB",NA,NA,NA,NA,NA,NA
"456",2555223,6.4,27.3,0.2,0.4,2.7,0,NA,4,"Devontae Booker","RB",NA,NA,NA,NA,NA,NA
"457",2555224,18.3,74.5,0.6,1.6,13.6,0.1,NA,4,"Ezekiel Elliott","RB",NA,NA,NA,NA,NA,NA
"458",2555230,10.6,48.4,0.4,2.1,16.7,0.1,NA,4,"Kenyan Drake","RB",NA,NA,NA,NA,NA,NA
"459",2555234,1.7,6.9,0,0.8,6.4,0,NA,4,"Tyler Ervin","RB",NA,NA,NA,NA,NA,NA
"460",2555417,2.2,9,0.1,1.4,12.1,0.1,NA,4,"C.J. Prosise","RB",NA,NA,NA,NA,NA,NA
"461",2555418,5.2,21.5,0.2,0.8,6.1,0,NA,4,"Jordan Howard","RB",NA,NA,NA,NA,NA,NA
"462",2555432,0.4,1.4,0,0,0,0,NA,4,"Andy Janovich","RB",NA,NA,NA,NA,NA,NA
"463",2555461,1.3,5.4,0,0.1,1,0,NA,4,"Wendell Smallwood","RB",NA,NA,NA,NA,NA,NA
"464",2555464,5.4,22.4,0.1,0.8,6.3,0,NA,4,"DeAndre Washington","RB",NA,NA,NA,NA,NA,NA
"465",2556075,8,32.6,0.3,1.4,12,0.1,NA,4,"Derrick Henry","RB",NA,NA,NA,NA,NA,NA
"466",2556118,5.7,24.5,0.1,0.9,6.9,0,NA,4,"Dwayne Washington","RB",NA,NA,NA,NA,NA,NA
"467",2556411,2.8,12.4,0.1,0.6,4.4,0,NA,4,"Josh Ferguson","RB",NA,NA,NA,NA,NA,NA
"468",2556801,5.2,22,0.1,1.8,14.4,0.1,NA,4,"Kenneth Farrow","RB",NA,NA,NA,NA,NA,NA
"469",2556885,3.8,16,0.1,1,8.4,0,NA,4,"Jalen Richard","RB",NA,NA,NA,NA,NA,NA
"470",230,NA,NA,NA,NA,1,NA,NA,5,"Jerome Felton","RB",NA,NA,NA,NA,NA,NA
"471",234,NA,72,1,NA,35,1,NA,5,"Matt Forte","RB",NA,NA,NA,NA,NA,NA
"472",262,NA,20,NA,NA,2,NA,NA,5,"Chris Johnson","RB",NA,NA,NA,NA,NA,NA
"473",284,NA,40,NA,NA,13,1,NA,5,"Darren McFadden","RB",NA,NA,NA,NA,NA,NA
"474",925,NA,51,NA,NA,28,NA,NA,5,"Jamaal Charles","RB",NA,NA,NA,NA,NA,NA
"475",927,NA,77,1,NA,18,NA,1,5,"Justin Forsett","RB",NA,NA,NA,NA,NA,NA
"476",949,NA,78,NA,NA,11,NA,NA,5,"Jonathan Stewart","RB",NA,NA,NA,NA,NA,NA
"477",4327,NA,28,1,NA,35,NA,NA,5,"Danny Woodhead","RB",NA,NA,NA,NA,NA,NA
"478",4383,NA,31,NA,NA,6,NA,NA,5,"Tim Hightower","RB",NA,NA,NA,NA,NA,NA
"479",4433,NA,3,NA,NA,21,NA,NA,5,"Marcel Reece","RB",NA,NA,NA,NA,NA,NA
"480",71345,NA,56,NA,NA,19,1,NA,5,"Rashad Jennings","RB",NA,NA,NA,NA,NA,NA
"481",79555,NA,14,NA,NA,9,NA,NA,5,"Arian Foster","RB",NA,NA,NA,NA,NA,NA
"482",79607,NA,65,NA,NA,20,NA,NA,5,"LeSean McCoy","RB",NA,NA,NA,NA,NA,NA
"483",79619,NA,NA,NA,NA,NA,NA,NA,5,"Knowshon Moreno","RB",NA,NA,NA,NA,NA,NA
"484",79629,NA,2,NA,NA,2,NA,NA,5,"Cedric Peerman","RB",NA,NA,NA,NA,NA,NA
"485",163982,NA,NA,NA,NA,NA,NA,NA,5,"Will Johnson","RB",NA,NA,NA,NA,NA,NA
"486",497145,NA,NA,NA,NA,NA,NA,NA,5,"Joique Bell","RB",NA,NA,NA,NA,NA,NA
"487",497149,NA,68,NA,NA,2,NA,NA,5,"LeGarrette Blount","RB",NA,NA,NA,NA,NA,NA
"488",497172,NA,NA,NA,NA,NA,NA,NA,5,"Anthony Dixon","RB",NA,NA,NA,NA,NA,NA
"489",497176,NA,NA,NA,NA,NA,NA,NA,5,"Toby Gerhart","RB",NA,NA,NA,NA,NA,NA
"490",497188,NA,59,NA,NA,10,NA,NA,5,"Ryan Mathews","RB",NA,NA,NA,NA,NA,NA
"491",497190,NA,NA,NA,NA,NA,NA,NA,5,"Dexter McCluster","RB",NA,NA,NA,NA,NA,NA
"492",497204,NA,8,NA,NA,13,NA,NA,5,"C.J. Spiller","RB",NA,NA,NA,NA,NA,NA
"493",497206,NA,30,NA,NA,18,NA,NA,5,"James Starks","RB",NA,NA,NA,NA,NA,NA
"494",2495161,NA,NA,NA,NA,NA,NA,NA,5,"Roy Helu","RB",NA,NA,NA,NA,NA,NA
"495",2495172,NA,NA,NA,NA,NA,NA,NA,5,"Kendall Hunter","RB",NA,NA,NA,NA,NA,NA
"496",2495207,NA,76,NA,NA,24,NA,NA,5,"DeMarco Murray","RB",NA,NA,NA,NA,NA,NA
"497",2495258,NA,6,NA,NA,9,1,NA,5,"Matt Asiata","RB",NA,NA,NA,NA,NA,NA
"498",2495314,NA,NA,NA,NA,NA,NA,NA,5,"Bruce Miller","RB",NA,NA,NA,NA,NA,NA
"499",2495328,NA,11,NA,NA,16,NA,NA,5,"Bilal Powell","RB",NA,NA,NA,NA,NA,NA
"500",2495340,NA,NA,NA,NA,2,NA,NA,5,"Anthony Sherman","RB",NA,NA,NA,NA,NA,NA
"501",2495461,NA,5,NA,NA,5,NA,NA,5,"Shaun Draughn","RB",NA,NA,NA,NA,NA,NA
"502",2495466,NA,73,1,NA,21,NA,NA,5,"Mark Ingram","RB",NA,NA,NA,NA,NA,NA
"503",2495467,NA,5,NA,NA,4,NA,NA,5,"Taiwan Jones","RB",NA,NA,NA,NA,NA,NA
"504",2495469,NA,NA,NA,NA,NA,NA,NA,5,"Dion Lewis","RB",NA,NA,NA,NA,NA,NA
"505",2495471,NA,13,NA,NA,7,NA,NA,5,"Jacquizz Rodgers","RB",NA,NA,NA,NA,NA,NA
"506",2495472,NA,6,NA,NA,7,NA,NA,5,"Jordan Todman","RB",NA,NA,NA,NA,NA,NA
"507",2495473,NA,17,NA,NA,27,NA,NA,5,"Shane Vereen","RB",NA,NA,NA,NA,NA,NA
"508",2495560,NA,NA,NA,NA,NA,NA,NA,5,"Ahmad Bradshaw","RB",NA,NA,NA,NA,NA,NA
"509",2495663,NA,NA,NA,NA,NA,NA,NA,5,"Marshawn Lynch","RB",NA,NA,NA,NA,NA,NA
"510",2495979,NA,76,1,NA,23,NA,NA,5,"DeAngelo Williams","RB",NA,NA,NA,NA,NA,NA
"511",2505936,NA,NA,NA,NA,NA,NA,NA,5,"Steven Jackson","RB",NA,NA,NA,NA,NA,NA
"512",2506147,NA,1,NA,NA,3,NA,NA,5,"John Kuhn","RB",NA,NA,NA,NA,NA,NA
"513",2506404,NA,74,1,NA,17,NA,NA,5,"Frank Gore","RB",NA,NA,NA,NA,NA,NA
"514",2506467,NA,21,NA,NA,27,NA,NA,5,"Darren Sproles","RB",NA,NA,NA,NA,NA,NA
"515",2506871,NA,NA,NA,NA,NA,NA,NA,5,"Fred Jackson","RB",NA,NA,NA,NA,NA,NA
"516",2506874,NA,10,NA,NA,10,NA,NA,5,"Reggie Bush","RB",NA,NA,NA,NA,NA,NA
"517",2507164,NA,65,NA,NA,15,NA,NA,5,"Adrian Peterson","RB",NA,NA,NA,NA,NA,NA
"518",2507428,NA,13,NA,NA,8,1,1,5,"Mike Tolbert","RB",NA,NA,NA,NA,NA,NA
"519",2507779,NA,NA,NA,NA,NA,NA,NA,5,"Donald Brown","RB",NA,NA,NA,NA,NA,NA
"520",2507999,NA,63,NA,NA,17,NA,NA,5,"Chris Ivory","RB",NA,NA,NA,NA,NA,NA
"521",2508096,NA,NA,NA,NA,NA,NA,NA,5,"Tyler Clutts","RB",NA,NA,NA,NA,NA,NA
"522",2508101,NA,NA,NA,NA,3,NA,NA,5,"James Develin","RB",NA,NA,NA,NA,NA,NA
"523",2530690,NA,14,NA,NA,5,NA,NA,5,"DuJuan Harris","RB",NA,NA,NA,NA,NA,NA
"524",2530763,NA,NA,NA,NA,6,NA,NA,5,"Patrick DiMarco","RB",NA,NA,NA,NA,NA,NA
"525",2532797,NA,NA,NA,NA,NA,NA,NA,5,"Brandon Bolden","RB",NA,NA,NA,NA,NA,NA
"526",2532851,NA,NA,NA,NA,NA,NA,NA,5,"Cyrus Gray","RB",NA,NA,NA,NA,NA,NA
"527",2532864,NA,NA,NA,NA,NA,NA,NA,5,"Dan Herron","RB",NA,NA,NA,NA,NA,NA
"528",2532899,NA,74,NA,NA,14,NA,NA,5,"Doug Martin","RB",NA,NA,NA,NA,NA,NA
"529",2532926,NA,NA,NA,NA,NA,NA,NA,5,"Isaiah Pead","RB",NA,NA,NA,NA,NA,NA
"530",2533012,NA,NA,NA,NA,NA,NA,NA,5,"Vick Ballard","RB",NA,NA,NA,NA,NA,NA
"531",2533030,NA,NA,NA,NA,NA,NA,NA,5,"Jonas Gray","RB",NA,NA,NA,NA,NA,NA
"532",2533034,NA,79,NA,NA,19,NA,1,5,"Lamar Miller","RB",NA,NA,NA,NA,NA,NA
"533",2533036,NA,NA,NA,NA,NA,NA,NA,5,"LaMichael James","RB",NA,NA,NA,NA,NA,NA
"534",2533037,NA,NA,NA,NA,NA,NA,NA,5,"Chris Polk","RB",NA,NA,NA,NA,NA,NA
"535",2533437,NA,NA,NA,NA,NA,NA,NA,5,"Ronnie Hillman","RB",NA,NA,NA,NA,NA,NA
"536",2533457,NA,13,NA,NA,7,NA,NA,5,"Alfred Morris","RB",NA,NA,NA,NA,NA,NA
"537",2533460,NA,20,NA,NA,8,NA,NA,5,"Robert Turbin","RB",NA,NA,NA,NA,NA,NA
"538",2533545,NA,NA,NA,NA,NA,NA,NA,5,"Bernard Pierce","RB",NA,NA,NA,NA,NA,NA
"539",2534437,NA,NA,NA,NA,NA,NA,NA,5,"Austin Johnson","RB",NA,NA,NA,NA,NA,NA
"540",2534571,NA,NA,NA,NA,NA,NA,NA,5,"Bobby Rainey","RB",NA,NA,NA,NA,NA,NA
"541",2534770,NA,9,NA,NA,9,NA,NA,5,"Jonathan Grimes","RB",NA,NA,NA,NA,NA,NA
"542",2534789,NA,12,NA,NA,6,NA,NA,5,"Daryl Richardson","RB",NA,NA,NA,NA,NA,NA
"543",2534796,NA,NA,NA,NA,NA,NA,NA,5,"Bryce Brown","RB",NA,NA,NA,NA,NA,NA
"544",2534871,NA,NA,NA,NA,NA,NA,NA,5,"Derrick Coleman","RB",NA,NA,NA,NA,NA,NA
"545",2535696,NA,NA,NA,NA,NA,NA,NA,5,"Joe Banyard","RB",NA,NA,NA,NA,NA,NA
"546",2535708,NA,6,NA,NA,18,NA,NA,5,"Lance Dunbar","RB",NA,NA,NA,NA,NA,NA
"547",2535890,NA,4,NA,NA,24,NA,NA,5,"Travaris Cadet","RB",NA,NA,NA,NA,NA,NA
"548",2536044,NA,NA,NA,NA,NA,NA,NA,5,"Jamize Olawale","RB",NA,NA,NA,NA,NA,NA
"549",2536532,NA,NA,NA,NA,NA,NA,NA,5,"Jorvorskie Lane","RB",NA,NA,NA,NA,NA,NA
"550",2539217,NA,10,NA,NA,6,NA,NA,5,"Andre Ellington","RB",NA,NA,NA,NA,NA,NA
"551",2539260,NA,19,NA,NA,7,NA,NA,5,"Denard Robinson","RB",NA,NA,NA,NA,NA,NA
"552",2539265,NA,NA,NA,NA,NA,NA,NA,5,"Rex Burkhead","RB",NA,NA,NA,NA,NA,NA
"553",2539289,NA,9,NA,NA,6,NA,NA,5,"Kenjon Barner","RB",NA,NA,NA,NA,NA,NA
"554",2539303,NA,1,NA,NA,4,NA,NA,5,"Zach Line","RB",NA,NA,NA,NA,NA,NA
"555",2539322,NA,31,1,NA,7,NA,1,5,"Christine Michael","RB",NA,NA,NA,NA,NA,NA
"556",2539341,NA,NA,NA,NA,NA,NA,NA,5,"Montee Ball","RB",NA,NA,NA,NA,NA,NA
"557",2539663,NA,23,NA,NA,6,NA,NA,5,"Mike Gillislee","RB",NA,NA,NA,NA,NA,NA
"558",2540011,NA,15,NA,NA,24,NA,1,5,"Chris Thompson","RB",NA,NA,NA,NA,NA,NA
"559",2540020,NA,9,NA,NA,33,NA,NA,5,"Theo Riddick","RB",NA,NA,NA,NA,NA,NA
"560",2540037,NA,6,NA,NA,5,NA,NA,5,"Fozzy Whittaker","RB",NA,NA,NA,NA,NA,NA
"561",2540156,NA,37,NA,NA,29,NA,1,5,"Giovani Bernard","RB",NA,NA,NA,NA,NA,NA
"562",2540168,NA,64,1,NA,20,NA,NA,5,"Eddie Lacy","RB",NA,NA,NA,NA,NA,NA
"563",2540171,NA,NA,NA,NA,NA,NA,NA,5,"Joseph Randle","RB",NA,NA,NA,NA,NA,NA
"564",2540175,NA,NA,NA,NA,NA,NA,NA,5,"LeVeon Bell","RB",NA,NA,NA,NA,NA,NA
"565",2540178,NA,6,NA,NA,3,NA,NA,5,"Knile Davis","RB",NA,NA,NA,NA,NA,NA
"566",2540204,NA,17,NA,NA,5,NA,NA,5,"Spencer Ware","RB",NA,NA,NA,NA,NA,NA
"567",2540224,NA,NA,NA,NA,NA,NA,NA,5,"Mike James","RB",NA,NA,NA,NA,NA,NA
"568",2540225,NA,NA,NA,NA,NA,NA,NA,5,"Tommy Bohanon","RB",NA,NA,NA,NA,NA,NA
"569",2540230,NA,NA,NA,NA,17,NA,NA,5,"Kyle Juszczyk","RB",NA,NA,NA,NA,NA,NA
"570",2540269,NA,86,NA,NA,19,NA,NA,5,"C.J. Anderson","RB",NA,NA,NA,NA,NA,NA
"571",2541161,NA,69,NA,NA,17,NA,NA,5,"Latavius Murray","RB",NA,NA,NA,NA,NA,NA
"572",2541544,NA,8,NA,NA,17,NA,NA,5,"Benny Cunningham","RB",NA,NA,NA,NA,NA,NA
"573",2541778,NA,NA,NA,NA,NA,NA,NA,5,"Kendall Gaskins","RB",NA,NA,NA,NA,NA,NA
"574",2543502,NA,NA,NA,NA,NA,NA,NA,5,"Tre Mason","RB",NA,NA,NA,NA,NA,NA
"575",2543551,NA,14,NA,NA,5,NA,NA,5,"KaDeem Carey","RB",NA,NA,NA,NA,NA,NA
"576",2543565,NA,23,NA,NA,3,NA,NA,5,"Andre Williams","RB",NA,NA,NA,NA,NA,NA
"577",2543570,NA,NA,NA,NA,NA,NA,NA,5,"Storm Johnson","RB",NA,NA,NA,NA,NA,NA
"578",2543583,NA,87,1,NA,34,NA,1,5,"Devonta Freeman","RB",NA,NA,NA,NA,NA,NA
"579",2543596,NA,NA,NA,NA,NA,NA,NA,5,"Dri Archer","RB",NA,NA,NA,NA,NA,NA
"580",2543600,NA,21,NA,NA,5,NA,NA,5,"Alfred Blue","RB",NA,NA,NA,NA,NA,NA
"581",2543603,NA,58,NA,NA,10,NA,NA,5,"Jeremy Hill","RB",NA,NA,NA,NA,NA,NA
"582",2543655,NA,NA,NA,NA,NA,NA,NA,5,"Tyler Gaffney","RB",NA,NA,NA,NA,NA,NA
"583",2543664,NA,31,1,NA,5,NA,NA,5,"Terrance West","RB",NA,NA,NA,NA,NA,NA
"584",2543690,NA,NA,NA,NA,NA,NA,NA,5,"Marion Grice","RB",NA,NA,NA,NA,NA,NA
"585",2543695,NA,2,NA,NA,3,NA,NA,5,"Jay Prosch","RB",NA,NA,NA,NA,NA,NA
"586",2543715,NA,14,NA,NA,13,NA,NA,5,"Jerick McKinnon","RB",NA,NA,NA,NA,NA,NA
"587",2543743,NA,59,NA,NA,16,NA,NA,5,"Carlos Hyde","RB",NA,NA,NA,NA,NA,NA
"588",2543770,NA,23,NA,NA,23,1,NA,5,"Charles Sims","RB",NA,NA,NA,NA,NA,NA
"589",2543773,NA,7,NA,NA,27,NA,NA,5,"James White","RB",NA,NA,NA,NA,NA,NA
"590",2550189,NA,59,1,NA,7,NA,NA,5,"Isaiah Crowell","RB",NA,NA,NA,NA,NA,NA
"591",2550233,NA,NA,NA,NA,NA,NA,NA,5,"Rajion Neal","RB",NA,NA,NA,NA,NA,NA
"592",2550268,NA,15,NA,NA,7,NA,NA,5,"Charcandrick West","RB",NA,NA,NA,NA,NA,NA
"593",2550270,NA,NA,NA,NA,4,NA,NA,5,"Nikita Whitlock","RB",NA,NA,NA,NA,NA,NA
"594",2550474,NA,NA,NA,NA,NA,NA,NA,5,"Antonio Andrews","RB",NA,NA,NA,NA,NA,NA
"595",2550481,NA,NA,NA,NA,NA,NA,NA,5,"Orleans Darkwa","RB",NA,NA,NA,NA,NA,NA
"596",2550512,NA,6,NA,NA,12,NA,NA,5,"Damien Williams","RB",NA,NA,NA,NA,NA,NA
"597",2550529,NA,NA,NA,NA,NA,NA,NA,5,"Silas Redd","RB",NA,NA,NA,NA,NA,NA
"598",2550540,NA,4,NA,NA,2,NA,NA,5,"George Atkinson","RB",NA,NA,NA,NA,NA,NA
"599",2550542,NA,9,NA,NA,5,NA,NA,5,"Kapri Bibbs","RB",NA,NA,NA,NA,NA,NA
"600",2550596,NA,NA,NA,NA,NA,NA,NA,5,"Darrin Reaves","RB",NA,NA,NA,NA,NA,NA
"601",2550658,NA,NA,NA,NA,NA,NA,NA,5,"Branden Oliver","RB",NA,NA,NA,NA,NA,NA
"602",2550738,NA,21,NA,NA,8,NA,NA,5,"Fitzgerald Toussaint","RB",NA,NA,NA,NA,NA,NA
"603",2552374,NA,54,NA,NA,12,NA,NA,5,"Ameer Abdullah","RB",NA,NA,NA,NA,NA,NA
"604",2552375,NA,14,NA,NA,5,NA,NA,5,"Cameron Artis-Payne","RB",NA,NA,NA,NA,NA,NA
"605",2552376,NA,NA,NA,NA,NA,NA,NA,5,"David Cobb","RB",NA,NA,NA,NA,NA,NA
"606",2552379,NA,67,1,NA,28,NA,NA,5,"Jeremy Langford","RB",NA,NA,NA,NA,NA,NA
"607",2552382,NA,10,NA,NA,4,NA,NA,5,"Malcolm Brown","RB",NA,NA,NA,NA,NA,NA
"608",2552453,NA,18,NA,NA,5,NA,NA,5,"Tevin Coleman","RB",NA,NA,NA,NA,NA,NA
"609",2552461,NA,25,NA,NA,25,NA,NA,5,"Duke Johnson","RB",NA,NA,NA,NA,NA,NA
"610",2552464,NA,NA,NA,NA,NA,NA,NA,5,"Jalston Fowler","RB",NA,NA,NA,NA,NA,NA
"611",2552469,NA,56,NA,NA,12,NA,NA,5,"Melvin Gordon","RB",NA,NA,NA,NA,NA,NA
"612",2552471,NA,12,NA,NA,7,NA,NA,5,"T.J. Yeldon","RB",NA,NA,NA,NA,NA,NA
"613",2552475,NA,60,NA,NA,14,NA,NA,5,"Todd Gurley","RB",NA,NA,NA,NA,NA,NA
"614",2552476,NA,NA,NA,NA,NA,NA,NA,5,"Kenny Hilliard","RB",NA,NA,NA,NA,NA,NA
"615",2552477,NA,2,NA,NA,7,NA,NA,5,"Aaron Ripkowski","RB",NA,NA,NA,NA,NA,NA
"616",2552582,NA,62,1,NA,19,NA,NA,5,"Jay Ajayi","RB",NA,NA,NA,NA,NA,NA
"617",2552631,NA,23,NA,NA,10,NA,NA,5,"Javorius Allen","RB",NA,NA,NA,NA,NA,NA
"618",2552634,NA,NA,NA,NA,NA,NA,NA,5,"Joey Iosefa","RB",NA,NA,NA,NA,NA,NA
"619",2552635,NA,58,NA,NA,16,NA,NA,5,"Matt Jones","RB",NA,NA,NA,NA,NA,NA
"620",2552636,NA,NA,NA,NA,NA,NA,NA,5,"Michael Burton","RB",NA,NA,NA,NA,NA,NA
"621",2552647,NA,NA,NA,NA,NA,NA,NA,5,"Marcus Murphy","RB",NA,NA,NA,NA,NA,NA
"622",2553117,NA,NA,NA,NA,NA,NA,NA,5,"Jarryd Hayne","RB",NA,NA,NA,NA,NA,NA
"623",2553435,NA,79,1,NA,35,NA,NA,5,"David Johnson","RB",NA,NA,NA,NA,NA,NA
"624",2553439,NA,10,NA,NA,7,NA,NA,5,"Mike Davis","RB",NA,NA,NA,NA,NA,NA
"625",2553446,NA,1,NA,NA,3,NA,NA,5,"Malcolm Johnson","RB",NA,NA,NA,NA,NA,NA
"626",2553511,NA,NA,NA,NA,NA,NA,NA,5,"John Crockett","RB",NA,NA,NA,NA,NA,NA
"627",2553533,NA,NA,NA,NA,NA,NA,NA,5,"Alonzo Harris","RB",NA,NA,NA,NA,NA,NA
"628",2553650,NA,6,NA,NA,3,NA,NA,5,"Corey Grant","RB",NA,NA,NA,NA,NA,NA
"629",2553662,NA,NA,NA,NA,NA,NA,NA,5,"Gus Johnson","RB",NA,NA,NA,NA,NA,NA
"630",2553728,NA,5,NA,NA,2,NA,NA,5,"Raheem Mostert","RB",NA,NA,NA,NA,NA,NA
"631",2553733,NA,76,1,NA,13,NA,NA,5,"Thomas Rawls","RB",NA,NA,NA,NA,NA,NA
"632",2553743,NA,NA,NA,NA,1,NA,NA,5,"Rod Smith","RB",NA,NA,NA,NA,NA,NA
"633",2553762,NA,10,NA,NA,5,NA,NA,5,"Terron Ward","RB",NA,NA,NA,NA,NA,NA
"634",2553797,NA,NA,NA,NA,NA,NA,NA,5,"Michael Dyer","RB",NA,NA,NA,NA,NA,NA
"635",2555219,NA,9,NA,NA,4,NA,NA,5,"Daniel Lasco","RB",NA,NA,NA,NA,NA,NA
"636",2555223,NA,12,NA,NA,5,NA,NA,5,"Devontae Booker","RB",NA,NA,NA,NA,NA,NA
"637",2555224,NA,46,1,NA,17,NA,NA,5,"Ezekiel Elliott","RB",NA,NA,NA,NA,NA,NA
"638",2555229,NA,NA,NA,NA,NA,NA,NA,5,"Kenneth Dixon","RB",NA,NA,NA,NA,NA,NA
"639",2555230,NA,NA,NA,NA,NA,NA,NA,5,"Kenyan Drake","RB",NA,NA,NA,NA,NA,NA
"640",2555234,NA,9,NA,NA,5,NA,NA,5,"Tyler Ervin","RB",NA,NA,NA,NA,NA,NA
"641",2555417,NA,15,NA,NA,6,NA,NA,5,"C.J. Prosise","RB",NA,NA,NA,NA,NA,NA
"642",2555418,NA,12,NA,NA,5,NA,NA,5,"Jordan Howard","RB",NA,NA,NA,NA,NA,NA
"643",2555430,NA,NA,NA,NA,NA,NA,NA,5,"Alex Collins","RB",NA,NA,NA,NA,NA,NA
"644",2555432,NA,1,NA,NA,4,NA,NA,5,"Andy Janovich","RB",NA,NA,NA,NA,NA,NA
"645",2555459,NA,NA,NA,NA,NA,NA,NA,5,"Keith Marshall","RB",NA,NA,NA,NA,NA,NA
"646",2555460,NA,NA,NA,NA,NA,NA,NA,5,"Paul Perkins","RB",NA,NA,NA,NA,NA,NA
"647",2555464,NA,17,NA,NA,5,NA,1,5,"DeAndre Washington","RB",NA,NA,NA,NA,NA,NA
"648",2556075,NA,12,NA,NA,4,NA,NA,5,"Derrick Henry","RB",NA,NA,NA,NA,NA,NA
"649",2556118,NA,19,NA,NA,5,NA,NA,5,"Dwayne Washington","RB",NA,NA,NA,NA,NA,NA
"650",2556273,NA,NA,NA,NA,NA,NA,NA,5,"Darius Jackson","RB",NA,NA,NA,NA,NA,NA
"651",2556379,NA,NA,NA,NA,NA,NA,NA,5,"Zac Brooks","RB",NA,NA,NA,NA,NA,NA
"652",2556411,NA,12,1,NA,12,1,NA,5,"Josh Ferguson","RB",NA,NA,NA,NA,NA,NA
"653",2556414,NA,10,NA,NA,3,NA,NA,5,"Rob Kelley","RB",NA,NA,NA,NA,NA,NA
"654",2556466,NA,NA,NA,NA,NA,NA,NA,5,"Peyton Barber","RB",NA,NA,NA,NA,NA,NA
"655",2556507,NA,NA,NA,NA,NA,NA,NA,5,"Marshaun Coprich","RB",NA,NA,NA,NA,NA,NA
"656",2556528,NA,NA,NA,NA,NA,NA,NA,5,"D.J. Foster","RB",NA,NA,NA,NA,NA,NA
"657",2556544,NA,NA,NA,NA,NA,NA,NA,5,"Glenn Gronkowski","RB",NA,NA,NA,NA,NA,NA
"658",2556603,NA,NA,NA,NA,NA,NA,NA,5,"Tre Madden","RB",NA,NA,NA,NA,NA,NA
"659",2556801,NA,14,NA,NA,6,NA,NA,5,"Kenneth Farrow","RB",NA,NA,NA,NA,NA,NA
"660",2556885,NA,18,NA,NA,6,NA,1,5,"Jalen Richard","RB",NA,NA,NA,NA,NA,NA
"661",2557531,NA,15,NA,NA,7,NA,NA,5,"Troymaine Pope","RB",NA,NA,NA,NA,NA,NA
"662",230,0,0,0,0,0,0,0,6,"Jerome Felton","RB",NA,NA,NA,NA,NA,0
"663",234,16.5,73.2,0.6,4.1,33.3,0.2,0.3,6,"Matt Forte","RB",NA,NA,NA,NA,NA,0
"664",262,6.6,29.4,0.4,0.5,4,0,0.1,6,"Chris Johnson","RB",NA,NA,NA,NA,NA,0
"665",284,NA,NA,NA,NA,NA,NA,NA,6,"Darren McFadden","RB",NA,NA,NA,NA,NA,NA
"666",925,12.5,58.6,0.5,1.9,15.8,0.1,0.2,6,"Jamaal Charles","RB",NA,NA,NA,NA,NA,0
"667",927,12.5,48.2,0.4,2.7,17.3,0.1,0.3,6,"Justin Forsett","RB",NA,NA,NA,NA,NA,0
"668",949,0,0,0,0,0,0,0,6,"Jonathan Stewart","RB",NA,NA,NA,NA,NA,0
"669",4327,NA,NA,NA,NA,NA,NA,NA,6,"Danny Woodhead","RB",NA,NA,NA,NA,NA,NA
"670",4383,2.4,8.6,0.1,0.4,3.8,0,0.1,6,"Tim Hightower","RB",NA,NA,NA,NA,NA,0
"671",4433,NA,NA,NA,NA,NA,NA,NA,6,"Marcel Reece","RB",NA,NA,NA,NA,NA,NA
"672",71345,12.8,61,0.6,1.8,17.6,0.1,0.2,6,"Rashad Jennings","RB",NA,NA,NA,NA,NA,0
"673",79555,0,0,0,0,0,0,0,6,"Arian Foster","RB",NA,NA,NA,NA,NA,0
"674",79607,18.9,80,0.6,2.8,22.6,0.1,0.3,6,"LeSean McCoy","RB",NA,NA,NA,NA,NA,0.1
"675",79629,NA,NA,NA,NA,NA,NA,NA,6,"Cedric Peerman","RB",NA,NA,NA,NA,NA,NA
"676",89798,0,0,0,0,0,0,0,6,"Antone Smith","RB",NA,NA,NA,NA,NA,0
"677",163982,NA,NA,NA,NA,NA,NA,NA,6,"Will Johnson","RB",NA,NA,NA,NA,NA,NA
"678",497149,16.5,73.1,0.6,0.2,1.2,0,0.2,6,"LeGarrette Blount","RB",NA,NA,NA,NA,NA,0
"679",497188,15.9,62.4,0.5,1.8,13.7,0.1,0.3,6,"Ryan Mathews","RB",NA,NA,NA,NA,NA,0
"680",497190,0,0,0,0,0,0,0,6,"Dexter McCluster","RB",NA,NA,NA,NA,NA,0
"681",497206,7.5,32.6,0.4,1.4,12.5,0.1,0.2,6,"James Starks","RB",NA,NA,NA,NA,NA,0
"682",2495207,15.1,57.8,0.5,3,22.1,0.1,0.3,6,"DeMarco Murray","RB",NA,NA,NA,NA,NA,0
"683",2495258,10,33.1,0.3,1.3,7.8,0.1,0.2,6,"Matt Asiata","RB",NA,NA,NA,NA,NA,0
"684",2495328,4.7,21.7,0.3,1.3,10.1,0.1,0.1,6,"Bilal Powell","RB",NA,NA,NA,NA,NA,0
"685",2495340,0.2,0.1,0,0,0.1,0,0,6,"Anthony Sherman","RB",NA,NA,NA,NA,NA,0
"686",2495461,6.5,23.8,0.2,2.5,16.6,0.1,0.1,6,"Shaun Draughn","RB",NA,NA,NA,NA,NA,0
"687",2495466,13.5,57.9,0.6,3,23.7,0.2,0.2,6,"Mark Ingram","RB",NA,NA,NA,NA,NA,0
"688",2495467,0,0.2,0,0,0,0,0,6,"Taiwan Jones","RB",NA,NA,NA,NA,NA,0
"689",2495469,NA,NA,NA,NA,NA,NA,NA,6,"Dion Lewis","RB",NA,NA,NA,NA,NA,NA
"690",2495471,4.6,16.2,0.1,0.9,5.5,0,0.1,6,"Jacquizz Rodgers","RB",NA,NA,NA,NA,NA,0
"691",2495472,0,0.3,0,0,0.1,0,0,6,"Jordan Todman","RB",NA,NA,NA,NA,NA,0
"692",2495473,7.7,35.3,0.4,3.4,27.9,0.3,0.2,6,"Shane Vereen","RB",NA,NA,NA,NA,NA,0
"693",2495979,18.7,84.1,0.9,4.4,40,0.2,0.3,6,"DeAngelo Williams","RB",NA,NA,NA,NA,NA,0
"694",2506147,0,0,0,0,0.2,0,0,6,"John Kuhn","RB",NA,NA,NA,NA,NA,0
"695",2506404,15.5,68.5,0.7,1.8,16.1,0.1,0.3,6,"Frank Gore","RB",NA,NA,NA,NA,NA,0
"696",2506467,6.3,22.6,0.2,2.6,17.8,0.1,0.1,6,"Darren Sproles","RB",NA,NA,NA,NA,NA,0
"697",2506874,1.4,5.1,0.1,0.2,1.2,0,0,6,"Reggie Bush","RB",NA,NA,NA,NA,NA,0
"698",2507164,0,0,0,0,0,0,0,6,"Adrian Peterson","RB",NA,NA,NA,NA,NA,0
"699",2507428,4,16.1,0.1,1,7.4,0,0.1,6,"Mike Tolbert","RB",NA,NA,NA,NA,NA,0
"700",2507999,10.8,38.4,0.4,1.3,8.7,0.1,0.2,6,"Chris Ivory","RB",NA,NA,NA,NA,NA,0
"701",2508101,0.2,0,0,0.5,2.9,0,0,6,"James Develin","RB",NA,NA,NA,NA,NA,0
"702",2527672,NA,NA,NA,NA,NA,NA,NA,6,"Will Tukuafu","RB",NA,NA,NA,NA,NA,NA
"703",2530763,0.1,0.2,0,0.3,2,0,0,6,"Patrick DiMarco","RB",NA,NA,NA,NA,NA,0
"704",2531218,0,0,0,0,0,0,0,6,"Chase Reynolds","RB",NA,NA,NA,NA,NA,0
"705",2532797,0.7,2.2,0,0,0.3,0,0,6,"Brandon Bolden","RB",NA,NA,NA,NA,NA,0
"706",2532851,NA,NA,NA,NA,NA,NA,NA,6,"Cyrus Gray","RB",NA,NA,NA,NA,NA,NA
"707",2532899,0,0,0,0,0,0,0,6,"Doug Martin","RB",NA,NA,NA,NA,NA,0
"708",2532926,0.1,0.6,0,0,0.1,0,0,6,"Isaiah Pead","RB",NA,NA,NA,NA,NA,0
"709",2533034,20.3,84.5,0.7,2.9,22.5,0.2,0.3,6,"Lamar Miller","RB",NA,NA,NA,NA,NA,0
"710",2533457,6,23.4,0.2,0.2,2.1,0,0.2,6,"Alfred Morris","RB",NA,NA,NA,NA,NA,0
"711",2533460,4.2,19.8,0.2,0.8,6.4,0,0.1,6,"Robert Turbin","RB",NA,NA,NA,NA,NA,0
"712",2534571,0,0,0,0,0,0,0,6,"Bobby Rainey","RB",NA,NA,NA,NA,NA,0
"713",2534770,0,0,0,0,0,0,0,6,"Jonathan Grimes","RB",NA,NA,NA,NA,NA,0
"714",2534789,0.6,1.8,0,0.1,0.3,0,0,6,"Daryl Richardson","RB",NA,NA,NA,NA,NA,0
"715",2535696,NA,NA,NA,NA,NA,NA,NA,6,"Joe Banyard","RB",NA,NA,NA,NA,NA,NA
"716",2535708,1.6,6.4,0,0.9,6.2,0,0.1,6,"Lance Dunbar","RB",NA,NA,NA,NA,NA,0
"717",2535890,2.2,6.1,0.1,3.2,22.6,0.2,0.1,6,"Travaris Cadet","RB",NA,NA,NA,NA,NA,0
"718",2536044,2.8,6.3,0.1,1.5,9.7,0.1,0.1,6,"Jamize Olawale","RB",NA,NA,NA,NA,NA,0
"719",2539217,3.5,17.5,0.2,1.1,9.4,0.1,0.1,6,"Andre Ellington","RB",NA,NA,NA,NA,NA,0
"720",2539260,0.5,1.9,0,0.1,0.6,0,0,6,"Denard Robinson","RB",NA,NA,NA,NA,NA,0
"721",2539265,0.3,0.5,0,0,0.2,0,0,6,"Rex Burkhead","RB",NA,NA,NA,NA,NA,0
"722",2539289,0,0,0,0,0,0,0,6,"Kenjon Barner","RB",NA,NA,NA,NA,NA,0
"723",2539303,0.2,0.1,0,0,0.1,0,0,6,"Zach Line","RB",NA,NA,NA,NA,NA,0
"724",2539315,0.3,1.4,0,0,0.1,0,0,6,"Stepfan Taylor","RB",NA,NA,NA,NA,NA,0
"725",2539322,11.9,49.4,0.6,1.5,11,0.1,0.2,6,"Christine Michael","RB",NA,NA,NA,NA,NA,0
"726",2539663,6.1,20.5,0.1,0.6,3.8,0,0.2,6,"Mike Gillislee","RB",NA,NA,NA,NA,NA,0
"727",2540011,8.1,35.3,0.4,3.1,20.7,0.1,0.1,6,"Chris Thompson","RB",NA,NA,NA,NA,NA,0
"728",2540020,11.2,38.6,0.3,4.3,37.1,0.2,0.2,6,"Theo Riddick","RB",NA,NA,NA,NA,NA,0
"729",2540037,17.5,61.4,0.5,1.4,7.4,0,0.4,6,"Fozzy Whittaker","RB",NA,NA,NA,NA,NA,0
"730",2540156,10,35.4,0.3,2.7,25.4,0.1,0.2,6,"Giovani Bernard","RB",NA,NA,NA,NA,NA,0
"731",2540168,15.1,65.9,0.8,1.9,15.7,0.1,0.2,6,"Eddie Lacy","RB",NA,NA,NA,NA,NA,0
"732",2540175,NA,NA,NA,NA,NA,NA,NA,6,"LeVeon Bell","RB",NA,NA,NA,NA,NA,NA
"733",2540178,0.1,0.2,0,0,0,0,0,6,"Knile Davis","RB",NA,NA,NA,NA,NA,0
"734",2540204,10.4,37.6,0.3,1.2,8.3,0.1,0.2,6,"Spencer Ware","RB",NA,NA,NA,NA,NA,0
"735",2540230,0.3,0.2,0,2.5,17.2,0.2,0,6,"Kyle Juszczyk","RB",NA,NA,NA,NA,NA,0
"736",2540269,17.2,78.5,0.7,1.8,13.7,0.1,0.2,6,"C.J. Anderson","RB",NA,NA,NA,NA,NA,0
"737",2541161,12.7,48.6,0.4,2.2,11.7,0.1,0.2,6,"Latavius Murray","RB",NA,NA,NA,NA,NA,0
"738",2541544,3.9,10.6,0.1,2.9,25,0.2,0.1,6,"Benny Cunningham","RB",NA,NA,NA,NA,NA,0
"739",2543502,NA,NA,NA,NA,NA,NA,NA,6,"Tre Mason","RB",NA,NA,NA,NA,NA,NA
"740",2543551,2.3,7.9,0.1,0.3,1.5,0,0.1,6,"KaDeem Carey","RB",NA,NA,NA,NA,NA,0
"741",2543565,0.4,1.2,0,0,0.1,0,0,6,"Andre Williams","RB",NA,NA,NA,NA,NA,0
"742",2543583,14.8,70.6,0.9,4.4,33.4,0.2,0.3,6,"Devonta Freeman","RB",NA,NA,NA,NA,NA,0
"743",2543596,NA,NA,NA,NA,NA,NA,NA,6,"Dri Archer","RB",NA,NA,NA,NA,NA,NA
"744",2543600,4.1,12.7,0.1,0.6,4.2,0,0.1,6,"Alfred Blue","RB",NA,NA,NA,NA,NA,0
"745",2543603,13.9,40.4,0.3,1.1,6.3,0,0.3,6,"Jeremy Hill","RB",NA,NA,NA,NA,NA,0
"746",2543664,9.2,27.2,0.3,0.6,4,0,0.2,6,"Terrance West","RB",NA,NA,NA,NA,NA,0
"747",2543695,0.2,0.1,0,0,0.1,0,0,6,"Jay Prosch","RB",NA,NA,NA,NA,NA,0
"748",2543704,NA,NA,NA,NA,NA,NA,NA,6,"Lorenzo Taliaferro","RB",NA,NA,NA,NA,NA,NA
"749",2543715,16.6,63.7,0.5,2.2,18.4,0.1,0.4,6,"Jerick McKinnon","RB",NA,NA,NA,NA,NA,0
"750",2543743,16.7,65.6,0.5,1.8,8.7,0,0.3,6,"Carlos Hyde","RB",NA,NA,NA,NA,NA,0
"751",2543770,16.2,65.5,0.6,3.4,36.4,0.2,0.3,6,"Charles Sims","RB",NA,NA,NA,NA,NA,0
"752",2543773,3.5,11.5,0.1,0.6,5.5,0,0.1,6,"James White","RB",NA,NA,NA,NA,NA,0
"753",2550189,14.4,54.6,0.4,1.4,12.5,0.1,0.3,6,"Isaiah Crowell","RB",NA,NA,NA,NA,NA,0
"754",2550233,NA,NA,NA,NA,NA,NA,NA,6,"Rajion Neal","RB",NA,NA,NA,NA,NA,NA
"755",2550235,0.2,0.2,0,0,0.1,0,0,6,"Roosevelt Nix","RB",NA,NA,NA,NA,NA,0
"756",2550268,2,8.1,0.1,0.3,2.3,0,0,6,"Charcandrick West","RB",NA,NA,NA,NA,NA,0
"757",2550270,NA,NA,NA,NA,NA,NA,NA,6,"Nikita Whitlock","RB",NA,NA,NA,NA,NA,NA
"758",2550400,0,0,0,0,0,0,0,6,"Keith Smith","RB",NA,NA,NA,NA,NA,0
"759",2550474,0.4,1.4,0,0.1,0.4,0,0,6,"Antonio Andrews","RB",NA,NA,NA,NA,NA,0
"760",2550481,0,0,0,0,0,0,0,6,"Orleans Darkwa","RB",NA,NA,NA,NA,NA,0
"761",2550512,1.9,7.1,0.1,0.6,3.2,0,0,6,"Damien Williams","RB",NA,NA,NA,NA,NA,0
"762",2550529,NA,NA,NA,NA,NA,NA,NA,6,"Silas Redd","RB",NA,NA,NA,NA,NA,NA
"763",2550540,0.1,0.1,0,0,0,0,0,6,"George Atkinson","RB",NA,NA,NA,NA,NA,0
"764",2550542,0.2,0.9,0,0,0,0,0,6,"Kapri Bibbs","RB",NA,NA,NA,NA,NA,0
"765",2550658,NA,NA,NA,NA,NA,NA,NA,6,"Branden Oliver","RB",NA,NA,NA,NA,NA,NA
"766",2550738,3.2,9.5,0.1,0.1,0.6,0,0.1,6,"Fitzgerald Toussaint","RB",NA,NA,NA,NA,NA,0
"767",2551357,NA,NA,NA,NA,NA,NA,NA,6,"Glenn Winston","RB",NA,NA,NA,NA,NA,NA
"768",2552374,NA,NA,NA,NA,NA,NA,NA,6,"Ameer Abdullah","RB",NA,NA,NA,NA,NA,NA
"769",2552375,2.7,9.7,0.1,0.3,2.3,0,0.1,6,"Cameron Artis-Payne","RB",NA,NA,NA,NA,NA,0
"770",2552379,17.6,59.8,0.5,3.2,30.6,0.2,0.3,6,"Jeremy Langford","RB",NA,NA,NA,NA,NA,0
"771",2552382,0.4,0.9,0,0,0.1,0,0,6,"Malcolm Brown","RB",NA,NA,NA,NA,NA,0
"772",2552453,7.5,36.2,0.5,1.8,13.8,0.1,0.1,6,"Tevin Coleman","RB",NA,NA,NA,NA,NA,0
"773",2552461,4.8,17.6,0.2,1.6,14.3,0.1,0.1,6,"Duke Johnson","RB",NA,NA,NA,NA,NA,0
"774",2552464,0.2,0.2,0,0.7,4.5,0,0,6,"Jalston Fowler","RB",NA,NA,NA,NA,NA,0
"775",2552469,14.1,62.4,0.6,3.3,18.9,0.1,0.3,6,"Melvin Gordon","RB",NA,NA,NA,NA,NA,0
"776",2552471,9,32.3,0.3,2,15.9,0.1,0.1,6,"T.J. Yeldon","RB",NA,NA,NA,NA,NA,0
"777",2552475,19.7,78.3,0.7,1.9,16.8,0.1,0.2,6,"Todd Gurley","RB",NA,NA,NA,NA,NA,0
"778",2552477,0.2,0.1,0,0,0.1,0,0,6,"Aaron Ripkowski","RB",NA,NA,NA,NA,NA,0
"779",2552582,13.2,62.2,0.6,0.8,7.2,0,0.2,6,"Jay Ajayi","RB",NA,NA,NA,NA,NA,0
"780",2552631,0.5,1.5,0,0.1,1.1,0,0,6,"Javorius Allen","RB",NA,NA,NA,NA,NA,0
"781",2552635,16.8,68.9,0.6,1.3,14.2,0.1,0.3,6,"Matt Jones","RB",NA,NA,NA,NA,NA,0
"782",2552636,4.1,17.6,0.2,0.2,1.1,0,0.1,6,"Michael Burton","RB",NA,NA,NA,NA,NA,0
"783",2552647,NA,NA,NA,NA,NA,NA,NA,6,"Marcus Murphy","RB",NA,NA,NA,NA,NA,NA
"784",2553435,15,76.3,0.8,3,28.7,0.2,0.2,6,"David Johnson","RB",NA,NA,NA,NA,NA,0
"785",2553439,0.5,1.7,0,0,0.1,0,0,6,"Mike Davis","RB",NA,NA,NA,NA,NA,0
"786",2553446,0.1,0.1,0,0.8,5,0,0,6,"Malcolm Johnson","RB",NA,NA,NA,NA,NA,0
"787",2553511,NA,NA,NA,NA,NA,NA,NA,6,"John Crockett","RB",NA,NA,NA,NA,NA,NA
"788",2553631,1.5,6.2,0,0.1,0.3,0,0,6,"Zach Zenner","RB",NA,NA,NA,NA,NA,0
"789",2553650,0,0,0,0,0,0,0,6,"Corey Grant","RB",NA,NA,NA,NA,NA,0
"790",2553733,10.9,46.7,0.5,1,7.7,0.1,0.2,6,"Thomas Rawls","RB",NA,NA,NA,NA,NA,0
"791",2553743,0,0,0,0,0,0,0,6,"Rod Smith","RB",NA,NA,NA,NA,NA,0
"792",2553762,0.2,0.6,0,0,0.2,0,0,6,"Terron Ward","RB",NA,NA,NA,NA,NA,0
"793",2553848,0,0,0,0,0,0,0,6,"Dreamius Smith","RB",NA,NA,NA,NA,NA,0
"794",2555219,NA,NA,NA,NA,NA,NA,NA,6,"Daniel Lasco","RB",NA,NA,NA,NA,NA,NA
"795",2555223,7.4,26.1,0.3,0.8,4.3,0,0.1,6,"Devontae Booker","RB",NA,NA,NA,NA,NA,0
"796",2555224,17.2,78.6,0.6,2,16.9,0.1,0.3,6,"Ezekiel Elliott","RB",NA,NA,NA,NA,NA,0
"797",2555227,0.1,0.3,0,0,0,0,0,6,"Jonathan Williams","RB",NA,NA,NA,NA,NA,0
"798",2555229,NA,NA,NA,NA,NA,NA,NA,6,"Kenneth Dixon","RB",NA,NA,NA,NA,NA,NA
"799",2555230,9,39.1,0.4,1.2,8.3,0.1,0.2,6,"Kenyan Drake","RB",NA,NA,NA,NA,NA,0
"800",2555234,0.5,1.5,0,0,0.2,0,0,6,"Tyler Ervin","RB",NA,NA,NA,NA,NA,0
"801",2555417,1.3,4.4,0,0.2,1.5,0,0,6,"C.J. Prosise","RB",NA,NA,NA,NA,NA,0
"802",2555418,4.2,13.5,0.1,0.5,2.6,0,0.1,6,"Jordan Howard","RB",NA,NA,NA,NA,NA,0
"803",2555430,0,0.1,0,0,0,0,0,6,"Alex Collins","RB",NA,NA,NA,NA,NA,0
"804",2555432,0.2,0.1,0,0,0.2,0,0,6,"Andy Janovich","RB",NA,NA,NA,NA,NA,0
"805",2555459,NA,NA,NA,NA,NA,NA,NA,6,"Keith Marshall","RB",NA,NA,NA,NA,NA,NA
"806",2555460,0.7,3,0,0.1,0.3,0,0,6,"Paul Perkins","RB",NA,NA,NA,NA,NA,0
"807",2555461,1.4,4.3,0,0.1,0.4,0,0,6,"Wendell Smallwood","RB",NA,NA,NA,NA,NA,0
"808",2555464,5.1,18.7,0.2,0.7,4.4,0,0.2,6,"DeAndre Washington","RB",NA,NA,NA,NA,NA,0
"809",2556075,8.7,32.6,0.3,1.1,9.3,0,0.1,6,"Derrick Henry","RB",NA,NA,NA,NA,NA,0
"810",2556118,0.3,0.9,0,0,0,0,0,6,"Dwayne Washington","RB",NA,NA,NA,NA,NA,0
"811",2556273,0.1,0.4,0,0,0,0,0,6,"Darius Jackson","RB",NA,NA,NA,NA,NA,0
"812",2556411,2.5,10.2,0.2,0.8,6.1,0.1,0,6,"Josh Ferguson","RB",NA,NA,NA,NA,NA,0
"813",2556414,0.9,2.1,0,0.2,1.3,0,0,6,"Rob Kelley","RB",NA,NA,NA,NA,NA,0
"814",2556466,3.9,10.9,0.1,0.2,0.9,0,0.1,6,"Peyton Barber","RB",NA,NA,NA,NA,NA,0
"815",2556603,NA,NA,NA,NA,NA,NA,NA,6,"Tre Madden","RB",NA,NA,NA,NA,NA,NA
"816",2556801,3.9,13.4,0.2,0.5,3.1,0,0.1,6,"Kenneth Farrow","RB",NA,NA,NA,NA,NA,0
"817",2556885,1.4,4.9,0.1,0.2,1.6,0,0.1,6,"Jalen Richard","RB",NA,NA,NA,NA,NA,0
"818",2557531,0,0.2,0,0,0,0,0,6,"Troymaine Pope","RB",NA,NA,NA,NA,NA,0
"819",234,10.5,46.6,0.3,2.7,23.5,0.2,0.1,18,"Matt Forte","RB",NA,NA,NA,0.5,NA,NA
"820",262,10.6,45,0.1,0.7,4.1,0,0.1,18,"Chris Johnson","RB",NA,NA,NA,2.5,NA,NA
"821",927,14,63.5,0.3,2.8,16.9,0.1,0.1,18,"Justin Forsett","RB",NA,NA,NA,0,NA,NA
"822",949,11.5,51.1,0.3,0.9,5.6,0,0.1,18,"Jonathan Stewart","RB",NA,NA,NA,0,NA,NA
"823",4327,5.3,17.4,0.1,3.5,31,0.2,0,18,"Danny Woodhead","RB",NA,NA,NA,1,NA,NA
"824",4383,6.2,22.5,0.2,1.7,12.2,0,0.1,18,"Tim Hightower","RB",NA,NA,NA,7,NA,NA
"825",71345,13.3,55.7,0.3,2.1,19.1,0,0.1,18,"Rashad Jennings","RB",NA,NA,NA,-0.3,NA,NA
"826",79555,9.3,37.3,0.2,2,19.3,0.2,0.1,18,"Arian Foster","RB",NA,NA,NA,0,NA,NA
"827",79607,11.6,52.8,0.3,1.8,15,0.1,0.2,18,"LeSean McCoy","RB",NA,NA,NA,0,NA,NA
"828",497149,9.8,40.1,0.4,1.7,16.1,0.1,0,18,"LeGarrette Blount","RB",NA,NA,NA,0,NA,NA
"829",497188,7.5,34.5,0.5,2.2,16,0.1,0.1,18,"Ryan Mathews","RB",NA,NA,NA,7.9,NA,NA
"830",497206,8.5,34.2,0.2,2.4,19.5,0.1,0.1,18,"James Starks","RB",NA,NA,NA,0,NA,NA
"831",2495172,0.1,0.1,0,0,0,0,0,18,"Kendall Hunter","RB",NA,NA,NA,19.6,NA,NA
"832",2495207,16.8,58.8,0.2,3.3,20.3,0,0.1,18,"DeMarco Murray","RB",NA,NA,NA,1.2,NA,NA
"833",2495258,3.2,11.8,0,1.4,11.8,0,0,18,"Matt Asiata","RB",NA,NA,NA,0,NA,NA
"834",2495328,6.4,30.7,0.1,3.1,25.5,0.1,0,18,"Bilal Powell","RB",NA,NA,NA,1.7,NA,NA
"835",2495340,0.1,0,0,0.1,1.2,0,0,18,"Anthony Sherman","RB",NA,NA,NA,1.3,NA,NA
"836",2495461,6.6,21.2,0.1,2,12.1,0,0,18,"Shaun Draughn","RB",NA,NA,NA,4.1,NA,NA
"837",2495466,12.7,57.1,0.5,2.7,20,0,0.1,18,"Mark Ingram","RB",NA,NA,NA,0,NA,NA
"838",2495467,1.1,4.3,0,0.7,7.3,0,0.1,18,"Taiwan Jones","RB",NA,NA,NA,51.8,NA,NA
"839",2495472,1.8,7.7,0,0.6,4.7,0,0,18,"Jordan Todman","RB",NA,NA,NA,3.4,NA,NA
"840",2495473,4.2,16.7,0,3.3,27.3,0.2,0,18,"Shane Vereen","RB",NA,NA,NA,15.8,NA,NA
"841",2495979,10.4,46.4,0.6,2.5,22.4,0,0.1,18,"DeAngelo Williams","RB",NA,NA,NA,0,NA,NA
"842",2505936,3.8,13.2,0.2,0.3,3.2,0,0,18,"Steven Jackson","RB",NA,NA,NA,0,NA,NA
"843",2506147,0.5,1.6,0.1,0.2,2.4,0,0,18,"John Kuhn","RB",NA,NA,NA,2.8,NA,NA
"844",2506404,14.5,54.9,0.3,1.6,12.7,0.1,0.2,18,"Frank Gore","RB",NA,NA,NA,0,NA,NA
"845",2506467,5.1,19.8,0.2,3.2,22.7,0,0,18,"Darren Sproles","RB",NA,NA,NA,18.1,NA,NA
"846",2506874,5.4,22.4,0.2,1.2,8.6,0.1,0.1,18,"Reggie Bush","RB",NA,NA,NA,3.2,NA,NA
"847",2507164,18.3,77.7,0.6,2,13.8,0.1,0.2,18,"Adrian Peterson","RB",NA,NA,NA,0.5,NA,NA
"848",2507428,3,12.4,0.1,0.8,6,0.2,0.1,18,"Mike Tolbert","RB",NA,NA,NA,3.1,NA,NA
"849",2530763,0.1,0,0,0.7,6.1,0,0,18,"Patrick DiMarco","RB",NA,NA,NA,1.2,NA,NA
"850",2532797,4.3,14.4,0,1,8.9,0.1,0,18,"Brandon Bolden","RB",NA,NA,NA,0.1,NA,NA
"851",2532899,17.6,81.2,0.3,2.2,16.7,0,0.3,18,"Doug Martin","RB",NA,NA,NA,0,NA,NA
"852",2532926,2.2,7.3,0,0.7,5.4,0,0,18,"Isaiah Pead","RB",NA,NA,NA,3.2,NA,NA
"853",2533034,19.3,78.6,0.5,2.9,22.7,0.2,0.1,18,"Lamar Miller","RB",NA,NA,NA,0,NA,NA
"854",2533037,5.3,17.5,0.1,0.9,6.1,0,0,18,"Chris Polk","RB",NA,NA,NA,0,NA,NA
"855",2533457,11,50,0.3,2,10,0,0,18,"Alfred Morris","RB",NA,NA,NA,0.4,NA,NA
"856",2533460,4.6,15.5,0,0.9,5,0,0.1,18,"Robert Turbin","RB",NA,NA,NA,1.2,NA,NA
"857",2534571,0.8,1.8,0,0.1,0.5,0,0,18,"Bobby Rainey","RB",NA,NA,NA,24.7,NA,NA
"858",2534770,3.1,14.7,0,1.3,9.4,0,0,18,"Jonathan Grimes","RB",NA,NA,NA,0,NA,NA
"859",2534789,0.6,1.7,0,0.2,0.6,0,0,18,"Daryl Richardson","RB",NA,NA,NA,4.7,NA,NA
"860",2535696,0.1,-0.1,0,0,0.1,0,0,18,"Joe Banyard","RB",NA,NA,NA,4.1,NA,NA
"861",2535708,0.8,4.8,0,0.8,9.5,0,0,18,"Lance Dunbar","RB",NA,NA,NA,5.3,NA,NA
"862",2536044,1,5.7,0.1,0.6,4.2,0.1,0,18,"Jamize Olawale","RB",NA,NA,NA,0,NA,NA
"863",2539217,2.9,13,0.2,0.8,8.1,0,0,18,"Andre Ellington","RB",NA,NA,NA,8.8,NA,NA
"864",2539260,5.8,23.8,0.1,1.4,10.7,0,0.1,18,"Denard Robinson","RB",NA,NA,NA,2.6,NA,NA
"865",2539265,0.5,1.8,0,0.7,5.8,0,0,18,"Rex Burkhead","RB",NA,NA,NA,0,NA,NA
"866",2539289,0.3,1.5,0,0,0,0,0,18,"Kenjon Barner","RB",NA,NA,NA,-0.4,NA,NA
"867",2539303,0.3,0.5,0.1,0.4,6.1,0,0,18,"Zach Line","RB",NA,NA,NA,2.7,NA,NA
"868",2539322,13,60,0.4,3,22,0.1,0,18,"Christine Michael","RB",NA,NA,NA,0,NA,NA
"869",2539663,3.6,21.6,0.3,0.6,2.4,0,0.1,18,"Mike Gillislee","RB",NA,NA,NA,1.4,NA,NA
"870",2540011,2,11.7,0,2.1,15.8,0.1,0,18,"Chris Thompson","RB",NA,NA,NA,1.9,NA,NA
"871",2540020,3.9,15.3,0.1,3.9,33,0.1,0.1,18,"Theo Riddick","RB",NA,NA,NA,9.8,NA,NA
"872",2540037,2.2,8.6,0,0.6,4.1,0,0,18,"Fozzy Whittaker","RB",NA,NA,NA,12.9,NA,NA
"873",2540156,5.4,23.8,0.1,4.3,37.1,0.2,0,18,"Giovani Bernard","RB",NA,NA,NA,0.1,NA,NA
"874",2540168,14.3,65.3,0.3,1.8,17.7,0.2,0.1,18,"Eddie Lacy","RB",NA,NA,NA,0,NA,NA
"875",2540178,2.3,7.3,0,0.3,2.4,0,0.1,18,"Knile Davis","RB",NA,NA,NA,38.5,NA,NA
"876",2540204,12.5,61.6,0.7,1.6,10.6,0.1,0.1,18,"Spencer Ware","RB",NA,NA,NA,1.6,NA,NA
"877",2540269,11.7,50.7,0.5,2.2,12.8,0,0.1,18,"C.J. Anderson","RB",NA,NA,NA,0,NA,NA
"878",2541161,16.4,67,0.3,2.7,17.1,0,0.1,18,"Latavius Murray","RB",NA,NA,NA,4.1,NA,NA
"879",2541544,4,15.3,0,2.3,18.2,0,0.1,18,"Benny Cunningham","RB",NA,NA,NA,37.9,NA,NA
"880",2543551,4.9,17.9,0.1,0.6,6.3,0,0.1,18,"KaDeem Carey","RB",NA,NA,NA,0.9,NA,NA
"881",2543583,12.7,58,0.6,2.5,27.3,0.1,0.1,18,"Devonta Freeman","RB",NA,NA,NA,0,NA,NA
"882",2543596,0,0,0,0,0.3,0,0,18,"Dri Archer","RB",NA,NA,NA,26.8,NA,NA
"883",2543600,7.4,26,0.1,0.7,4.9,0,0,18,"Alfred Blue","RB",NA,NA,NA,0,NA,NA
"884",2543603,8.4,33.3,0.4,0.8,5.1,0,0.1,18,"Jeremy Hill","RB",NA,NA,NA,0,NA,NA
"885",2543664,9,39.1,0.1,1.5,9.3,0,0,18,"Terrance West","RB",NA,NA,NA,2.9,NA,NA
"886",2543715,4.2,21.9,0.1,1.5,11.1,0,0,18,"Jerick McKinnon","RB",NA,NA,NA,1.1,NA,NA
"887",2543743,9,33.3,0.2,2,17.4,0,0.1,18,"Carlos Hyde","RB",NA,NA,NA,7.3,NA,NA
"888",2543770,7.3,30.8,0,3.1,32.1,0.1,0.1,18,"Charles Sims","RB",NA,NA,NA,0,NA,NA
"889",2543773,2.9,9.9,0.1,3,31.3,0.2,0,18,"James White","RB",NA,NA,NA,0,NA,NA
"890",2550189,13.6,51.5,0.1,1.2,11,0,0,18,"Isaiah Crowell","RB",NA,NA,NA,0,NA,NA
"891",2550268,8.3,31.6,0.2,1,8.4,0,0,18,"Charcandrick West","RB",NA,NA,NA,6.5,NA,NA
"892",2550474,6.3,21.8,0.1,1.2,9.7,0,0,18,"Antonio Andrews","RB",NA,NA,NA,4.5,NA,NA
"893",2550481,3,11.5,0,0.1,1.7,0,0,18,"Orleans Darkwa","RB",NA,NA,NA,0.7,NA,NA
"894",2550512,1.3,4.4,0,1.2,8.8,0,0,18,"Damien Williams","RB",NA,NA,NA,18.6,NA,NA
"895",2550529,2.1,7.3,0,0.5,6.2,0,0,18,"Silas Redd","RB",NA,NA,NA,0.9,NA,NA
"896",2550540,0.7,1.1,0,0.1,0,0,0.1,18,"George Atkinson","RB",NA,NA,NA,34.5,NA,NA
"897",2550542,0.4,0.4,0,0.1,1,0,0,18,"Kapri Bibbs","RB",NA,NA,NA,1.3,NA,NA
"898",2550738,3.5,11.1,0.1,0.7,5.1,0,0.1,18,"Fitzgerald Toussaint","RB",NA,NA,NA,5.5,NA,NA
"899",2552374,6.1,26.7,0.1,1.9,15.8,0.1,0.1,18,"Ameer Abdullah","RB",NA,NA,NA,39.8,NA,NA
"900",2552375,4.8,19,0.1,0.9,8,0.1,0,18,"Cameron Artis-Payne","RB",NA,NA,NA,2.8,NA,NA
"901",2552379,9.8,39.7,0.3,2.8,27.4,0.2,0,18,"Jeremy Langford","RB",NA,NA,NA,0,NA,NA
"902",2552382,1.5,5.2,0,0.5,1.1,0,0,18,"Malcolm Brown","RB",NA,NA,NA,14.6,NA,NA
"903",2552453,9.6,40.2,0.3,1,7.8,0,0.2,18,"Tevin Coleman","RB",NA,NA,NA,0,NA,NA
"904",2552461,11.7,44.1,0,4.7,35.9,0.2,0,18,"Duke Johnson","RB",NA,NA,NA,2.9,NA,NA
"905",2552469,13.7,49.3,0.3,2.9,18.6,0.1,0.2,18,"Melvin Gordon","RB",NA,NA,NA,0.3,NA,NA
"906",2552471,6.7,26.8,0.1,1.4,10.8,0,0,18,"T.J. Yeldon","RB",NA,NA,NA,0,NA,NA
"907",2552475,21.6,97,1,2.5,23.2,0,0.1,18,"Todd Gurley","RB",NA,NA,NA,14.5,NA,NA
"908",2552477,0,0,0,0,0.2,0,0,18,"Aaron Ripkowski","RB",NA,NA,NA,0,NA,NA
"909",2552635,7.8,32.5,0.1,1.9,22.3,0.1,0.1,18,"Matt Jones","RB",NA,NA,NA,0,NA,NA
"910",2553435,11.8,51.1,0.6,3,30.3,0.2,0.1,18,"David Johnson","RB",NA,NA,NA,13.8,NA,NA
"911",2553439,4,11,0,1,7.6,0,0,18,"Mike Davis","RB",NA,NA,NA,1,NA,NA
"912",2553650,0.9,2,0,0.2,0.8,0,0,18,"Corey Grant","RB",NA,NA,NA,4.3,NA,NA
"913",2553733,9,48,0.3,1.2,10.2,0,0.1,18,"Thomas Rawls","RB",NA,NA,NA,0,NA,NA
"914",2555223,9.3,38.4,0.3,0.8,5.1,0,0.1,18,"Devontae Booker","RB",NA,NA,NA,0,NA,NA
"915",2555224,18,85,0.4,2,10,0,0.3,18,"Ezekiel Elliott","RB",NA,NA,NA,3,NA,NA
"916",2555230,0,0.2,0,0,0,0,0,18,"Kenyan Drake","RB",NA,NA,NA,3.7,NA,NA
"917",2555234,2.5,8.9,0,0.3,3.3,0,0,18,"Tyler Ervin","RB",NA,NA,NA,1.1,NA,NA
"918",2555417,2.8,8.6,0,0.4,2.3,0,0.1,18,"C.J. Prosise","RB",NA,NA,NA,0,NA,NA
"919",2555418,5.3,24,0.1,0.1,0.9,0,0,18,"Jordan Howard","RB",NA,NA,NA,1.5,NA,NA
"920",2555430,0.2,1.4,0,0,0.1,0,0,18,"Alex Collins","RB",NA,NA,NA,0.6,NA,NA
"921",2555461,7.4,31.8,0.1,1.7,9.4,0,0,18,"Wendell Smallwood","RB",NA,NA,NA,20.7,NA,NA
"922",2555464,5.4,21.7,0.1,2.6,21.3,0.1,0,18,"DeAndre Washington","RB",NA,NA,NA,1.5,NA,NA
"923",2556075,10.9,38.3,0,2.3,15.8,0,0,18,"Derrick Henry","RB",NA,NA,NA,4.1,NA,NA
"924",2556118,4,13.5,0,0.7,6.2,0.1,0,18,"Dwayne Washington","RB",NA,NA,NA,23.1,NA,NA
"925",2556414,6.7,22.4,0.1,1.5,13.2,0.1,0,18,"Rob Kelley","RB",NA,NA,NA,0.7,NA,NA
"926",2556801,2.3,7.4,0,0.3,2.4,0,0.1,18,"Kenneth Farrow","RB",NA,NA,NA,5.5,NA,NA
"927",2556885,1.1,4.8,0,0.8,4.2,0,0,18,"Jalen Richard","RB",NA,NA,NA,17.3,NA,NA
"928",925,19,100,0,5,44,1,0,19,"Jamaal Charles","RB",NA,NA,NA,NA,NA,NA
"929",949,0,0,0,0,0,0,0,19,"Jonathan Stewart","RB",NA,NA,NA,NA,NA,NA
"930",4327,8,34,0,5,56,0,0,19,"Danny Woodhead","RB",NA,NA,NA,NA,NA,NA
"931",4433,4,15,1,1,9,0,0,19,"Marcel Reece","RB",NA,NA,NA,NA,NA,NA
"932",497149,9,33,0,2,9,0,0,19,"LeGarrette Blount","RB",NA,NA,NA,NA,NA,NA
"933",497206,18,65,1,2,24,0,0,19,"James Starks","RB",NA,NA,NA,NA,NA,NA
"934",2495258,0,0,0,0,0,0,0,19,"Matt Asiata","RB",NA,NA,NA,NA,NA,NA
"935",2495328,14,51,1,3,31,0,0,19,"Bilal Powell","RB",NA,NA,NA,NA,NA,NA
"936",2495340,0,0,0,1,6,0,0,19,"Anthony Sherman","RB",NA,NA,NA,NA,NA,NA
"937",2495466,7,22,1,0,0,0,0,19,"Mark Ingram","RB",NA,NA,NA,NA,NA,NA
"938",2507164,21,108,1,2,15,0,0,19,"Adrian Peterson","RB",NA,NA,NA,NA,NA,NA
"939",2507428,8,33,1,2,10,0,0,19,"Mike Tolbert","RB",NA,NA,NA,NA,NA,NA
"940",2532797,0,0,0,0,0,0,0,19,"Brandon Bolden","RB",NA,NA,NA,NA,NA,NA
"941",2532899,17,103,1,4,23,0,0,19,"Doug Martin","RB",NA,NA,NA,NA,NA,NA
"942",2535708,2,10,0,1,9,0,0,19,"Lance Dunbar","RB",NA,NA,NA,NA,NA,NA
"943",2535890,0,0,0,0,0,0,0,19,"Travaris Cadet","RB",NA,NA,NA,NA,NA,NA
"944",2539217,8,28,0,2,19,0,0,19,"Andre Ellington","RB",NA,NA,NA,NA,NA,NA
"945",2539265,0,0,0,0,0,0,0,19,"Rex Burkhead","RB",NA,NA,NA,NA,NA,NA
"946",2540020,4,6,0,1,9,0,0,19,"Theo Riddick","RB",NA,NA,NA,NA,NA,NA
"947",2540156,10,42,1,2,12,0,0,19,"Giovani Bernard","RB",NA,NA,NA,NA,NA,NA
"948",2540168,0,2,0,0,0,0,0,19,"Eddie Lacy","RB",NA,NA,NA,NA,NA,NA
"949",2540175,0,0,0,0,0,0,0,19,"LeVeon Bell","RB",NA,NA,NA,NA,NA,NA
"950",2540269,0,0,0,0,0,0,0,19,"C.J. Anderson","RB",NA,NA,NA,NA,NA,NA
"951",2550206,NA,NA,NA,NA,3,NA,NA,5,"Ryan Hewitt","RB",NA,NA,NA,NA,NA,NA
